<?xml version="1.0" encoding="UTF-8"?><rss version="2.0"
	xmlns:content="http://purl.org/rss/1.0/modules/content/"
	xmlns:wfw="http://wellformedweb.org/CommentAPI/"
	xmlns:dc="http://purl.org/dc/elements/1.1/"
	xmlns:atom="http://www.w3.org/2005/Atom"
	xmlns:sy="http://purl.org/rss/1.0/modules/syndication/"
	xmlns:slash="http://purl.org/rss/1.0/modules/slash/"
	>

<channel>
	<title>BBITBLOG</title>
	<atom:link href="/feed/" rel="self" type="application/rss+xml" />
	<link>/</link>
	<description></description>
	<lastBuildDate>Sat, 28 Dec 2024 18:52:32 +0000</lastBuildDate>
	<language>en-US</language>
	<sy:updatePeriod>
	hourly	</sy:updatePeriod>
	<sy:updateFrequency>
	1	</sy:updateFrequency>
	<generator>https://wordpress.org/?v=6.7.1</generator>

<image>
	<url>/wp-content/uploads/2024/12/download-150x150.png</url>
	<title>BBITBLOG</title>
	<link>/</link>
	<width>32</width>
	<height>32</height>
</image> 
	<item>
		<title>Balancing Diplomacy and Strength in Global Politics</title>
		<link>/balancing-diplomacy-and-strength-in-global-politics/</link>
					<comments>/balancing-diplomacy-and-strength-in-global-politics/#respond</comments>
		
		<dc:creator><![CDATA[BBIT]]></dc:creator>
		<pubDate>Sat, 28 Dec 2024 17:59:29 +0000</pubDate>
				<category><![CDATA[Politics]]></category>
		<category><![CDATA[DiplomacyAndStrength]]></category>
		<category><![CDATA[GlobalDiplomacy]]></category>
		<category><![CDATA[GlobalPolitics]]></category>
		<category><![CDATA[InternationalRelations]]></category>
		<category><![CDATA[PoliticalStrength]]></category>
		<guid isPermaLink="false">/?p=244</guid>

					<description><![CDATA[In the intricate web of global politics, the delicate balance between diplomacy and strength is crucial for maintaining international stability [&#8230;]]]></description>
										<content:encoded><![CDATA[		<div data-elementor-type="wp-post" data-elementor-id="244" class="elementor elementor-244">
				<div class="elementor-element elementor-element-c2a0a2f e-flex e-con-boxed e-con e-parent" data-id="c2a0a2f" data-element_type="container">
					<div class="e-con-inner">
				<div class="elementor-element elementor-element-f88aa0d elementor-widget elementor-widget-text-editor" data-id="f88aa0d" data-element_type="widget" data-widget_type="text-editor.default">
				<div class="elementor-widget-container">
									<p>In the intricate web of global politics, the delicate balance between diplomacy and strength is crucial for maintaining international stability and fostering cooperation among nations. Diplomacy, the art of negotiating and managing international relations, plays a vital role in resolving conflicts, building alliances, and promoting peace. However, the effective use of strength, whether military, economic, or political, is equally important in ensuring that diplomatic efforts are respected and successful. </p>								</div>
				</div>
					</div>
				</div>
		<div class="elementor-element elementor-element-c1bef20 e-flex e-con-boxed e-con e-parent" data-id="c1bef20" data-element_type="container">
					<div class="e-con-inner">
				<div class="elementor-element elementor-element-7080317 elementor-widget elementor-widget-image" data-id="7080317" data-element_type="widget" data-widget_type="image.default">
				<div class="elementor-widget-container">
															<img fetchpriority="high" decoding="async" width="259" height="194" src="/wp-content/uploads/2024/12/last-1.jpeg" class="attachment-large size-large wp-image-245" alt="diplomacy" />															</div>
				</div>
					</div>
				</div>
		<div class="elementor-element elementor-element-ff0f3ca e-flex e-con-boxed e-con e-parent" data-id="ff0f3ca" data-element_type="container">
					<div class="e-con-inner">
				<div class="elementor-element elementor-element-92fb8a3 elementor-widget elementor-widget-heading" data-id="92fb8a3" data-element_type="widget" data-widget_type="heading.default">
				<div class="elementor-widget-container">
					<h2 class="elementor-heading-title elementor-size-default">The Role of Diplomacy in Global Politics</h2>				</div>
				</div>
					</div>
				</div>
		<div class="elementor-element elementor-element-a4f6b28 e-flex e-con-boxed e-con e-parent" data-id="a4f6b28" data-element_type="container">
					<div class="e-con-inner">
				<div class="elementor-element elementor-element-28ba3a4 elementor-widget elementor-widget-text-editor" data-id="28ba3a4" data-element_type="widget" data-widget_type="text-editor.default">
				<div class="elementor-widget-container">
									<p>Diplomacy is the cornerstone of international relations, providing a platform for dialogue, negotiation, and conflict resolution. Through diplomatic channels, nations can address their differences, find common ground, and work together to tackle global challenges such as climate change, terrorism, and economic inequality. It fosters mutual understanding and trust, which are essential for building long-lasting partnerships and preventing conflicts. It also allows countries to project their values and interests on the global stage, shaping international norms and policies.</p>								</div>
				</div>
					</div>
				</div>
		<div class="elementor-element elementor-element-eadb68d e-flex e-con-boxed e-con e-parent" data-id="eadb68d" data-element_type="container">
					<div class="e-con-inner">
				<div class="elementor-element elementor-element-12d78c7 elementor-widget elementor-widget-heading" data-id="12d78c7" data-element_type="widget" data-widget_type="heading.default">
				<div class="elementor-widget-container">
					<h2 class="elementor-heading-title elementor-size-default">The Importance of Strength in Global Politics</h2>				</div>
				</div>
					</div>
				</div>
		<div class="elementor-element elementor-element-09894aa e-flex e-con-boxed e-con e-parent" data-id="09894aa" data-element_type="container">
					<div class="e-con-inner">
				<div class="elementor-element elementor-element-9d50bc2 elementor-widget elementor-widget-text-editor" data-id="9d50bc2" data-element_type="widget" data-widget_type="text-editor.default">
				<div class="elementor-widget-container">
									<p>While diplomacy is essential for maintaining peaceful relations, the effective use of strength is necessary to ensure that diplomatic efforts are taken seriously. Strength can manifest in various forms, including military power, economic influence, and <a href="/the-art-of-political-leadership-in-modern-times/" target="_blank" rel="noopener">political leverage</a>. A nation&#8217;s military capabilities can serve as a deterrent against potential aggressors, while economic strength can provide leverage in trade negotiations and international agreements. Political strength, on the other hand, can enhance a country&#8217;s ability to shape global agendas and influence decision-making processes in international organizations.</p>								</div>
				</div>
					</div>
				</div>
		<div class="elementor-element elementor-element-80a5438 e-flex e-con-boxed e-con e-parent" data-id="80a5438" data-element_type="container">
					<div class="e-con-inner">
				<div class="elementor-element elementor-element-2b4c024 elementor-widget elementor-widget-image" data-id="2b4c024" data-element_type="widget" data-widget_type="image.default">
				<div class="elementor-widget-container">
															<img decoding="async" width="275" height="183" src="/wp-content/uploads/2024/12/last-2.jpeg" class="attachment-large size-large wp-image-246" alt="" />															</div>
				</div>
					</div>
				</div>
		<div class="elementor-element elementor-element-c5df5da e-flex e-con-boxed e-con e-parent" data-id="c5df5da" data-element_type="container">
					<div class="e-con-inner">
				<div class="elementor-element elementor-element-38d2330 elementor-widget elementor-widget-text-editor" data-id="38d2330" data-element_type="widget" data-widget_type="text-editor.default">
				<div class="elementor-widget-container">
									<p>The key to successful global politics lies in finding the right balance between diplomacy and strength. Over-reliance on either approach can lead to undesirable outcomes. Excessive use of strength can result in conflicts, economic sanctions, and strained relations. Therefore, it is crucial for countries to strike a balance that allows them to pursue their interests effectively while maintaining peaceful and cooperative relations with other nations.</p>								</div>
				</div>
					</div>
				</div>
		<div class="elementor-element elementor-element-5f58478 e-flex e-con-boxed e-con e-parent" data-id="5f58478" data-element_type="container">
					<div class="e-con-inner">
				<div class="elementor-element elementor-element-b319725 elementor-widget elementor-widget-heading" data-id="b319725" data-element_type="widget" data-widget_type="heading.default">
				<div class="elementor-widget-container">
					<h2 class="elementor-heading-title elementor-size-default">Case Studies: Balancing Diplomacy and Strength</h2>				</div>
				</div>
					</div>
				</div>
		<div class="elementor-element elementor-element-a92e01b e-flex e-con-boxed e-con e-parent" data-id="a92e01b" data-element_type="container">
					<div class="e-con-inner">
				<div class="elementor-element elementor-element-933703e elementor-widget elementor-widget-text-editor" data-id="933703e" data-element_type="widget" data-widget_type="text-editor.default">
				<div class="elementor-widget-container">
									<p>Several historical and contemporary examples illustrate the importance of balancing diplomacy and strength in global politics. One notable example is the Cold War, during which the United States and the Soviet Union engaged in a delicate dance. Both superpowers maintained a formidable military presence while engaging in diplomatic negotiations to prevent the escalation of conflicts. The Cuban Missile Crisis of 1962 is a prime example of how diplomacy and strength were used in tandem to avert a nuclear catastrophe.</p><p>In more recent times, the Iran nuclear deal (Joint Comprehensive Plan of Action) demonstrates the interplay between diplomacy and strength. The agreement, reached in 2015, involved extensive diplomatic negotiations between Iran and the P5+1 countries (China, France, Russia, the United Kingdom, the United States, and Germany). The deal aimed to prevent Iran from developing nuclear weapons in exchange for the lifting of economic sanctions. The success of the agreement hinged on the combination of diplomatic efforts and the economic strength of the participating nations.</p>								</div>
				</div>
					</div>
				</div>
		<div class="elementor-element elementor-element-cc13632 e-flex e-con-boxed e-con e-parent" data-id="cc13632" data-element_type="container">
					<div class="e-con-inner">
				<div class="elementor-element elementor-element-f4bb53d elementor-widget elementor-widget-html" data-id="f4bb53d" data-element_type="widget" data-widget_type="html.default">
				<div class="elementor-widget-container">
					<iframe width="560" height="315" src="https://www.youtube.com/embed/8NiTy-St6ic?si=4OQEFkJqY-HQVzMc" title="YouTube video player" frameborder="0" allow="accelerometer; autoplay; clipboard-write; encrypted-media; gyroscope; picture-in-picture; web-share" referrerpolicy="strict-origin-when-cross-origin" allowfullscreen></iframe>				</div>
				</div>
					</div>
				</div>
		<div class="elementor-element elementor-element-0abdbf9 e-flex e-con-boxed e-con e-parent" data-id="0abdbf9" data-element_type="container">
					<div class="e-con-inner">
				<div class="elementor-element elementor-element-5520842 elementor-widget elementor-widget-heading" data-id="5520842" data-element_type="widget" data-widget_type="heading.default">
				<div class="elementor-widget-container">
					<h2 class="elementor-heading-title elementor-size-default">Challenges and Opportunities</h2>				</div>
				</div>
					</div>
				</div>
		<div class="elementor-element elementor-element-e653e51 e-flex e-con-boxed e-con e-parent" data-id="e653e51" data-element_type="container">
					<div class="e-con-inner">
				<div class="elementor-element elementor-element-515a8f0 elementor-widget elementor-widget-text-editor" data-id="515a8f0" data-element_type="widget" data-widget_type="text-editor.default">
				<div class="elementor-widget-container">
									<p><a style="font-family: var( --e-global-typography-text-font-family ), Sans-serif; font-weight: var( --e-global-typography-text-font-weight ); text-align: var(--text-align); font-size: 1rem;" href="https://commons.ungeneva.org/node/95" target="_blank" rel="noopener">Balancing diplomacy</a> and strength in global politics is not without its challenges. The rise of non-state actors, cyber threats, and shifting geopolitical dynamics complicate the traditional approaches to international relations. Additionally, the increasing interconnectedness of the global economy means that actions taken by one nation can have far-reaching consequences for others. However, these challenges also present opportunities for innovative approaches. Multilateralism, regional cooperation, and the use of technology are some of the ways countries can navigate the complexities of modern global politics.</p>								</div>
				</div>
					</div>
				</div>
		<div class="elementor-element elementor-element-5b13095 e-flex e-con-boxed e-con e-parent" data-id="5b13095" data-element_type="container">
					<div class="e-con-inner">
				<div class="elementor-element elementor-element-bff22b9 elementor-widget elementor-widget-heading" data-id="bff22b9" data-element_type="widget" data-widget_type="heading.default">
				<div class="elementor-widget-container">
					<h2 class="elementor-heading-title elementor-size-default">Conclusion</h2>				</div>
				</div>
					</div>
				</div>
		<div class="elementor-element elementor-element-0c06cb3 e-flex e-con-boxed e-con e-parent" data-id="0c06cb3" data-element_type="container">
					<div class="e-con-inner">
				<div class="elementor-element elementor-element-250c30e elementor-widget elementor-widget-text-editor" data-id="250c30e" data-element_type="widget" data-widget_type="text-editor.default">
				<div class="elementor-widget-container">
									<p>In conclusion, the balance between diplomacy and strength is essential for effective global politics. It provides the means for peaceful negotiation and conflict resolution, while strength ensures that diplomatic efforts are respected and successful. By finding the right balance, nations can navigate the complexities of the modern world, address global challenges, and promote international stability and cooperation. </p>								</div>
				</div>
					</div>
				</div>
		<div class="elementor-element elementor-element-b6ea019 e-flex e-con-boxed e-con e-parent" data-id="b6ea019" data-element_type="container">
					<div class="e-con-inner">
				<div class="elementor-element elementor-element-5f7eba8 elementor-widget elementor-widget-n-accordion" data-id="5f7eba8" data-element_type="widget" data-settings="{&quot;default_state&quot;:&quot;expanded&quot;,&quot;max_items_expended&quot;:&quot;one&quot;,&quot;n_accordion_animation_duration&quot;:{&quot;unit&quot;:&quot;ms&quot;,&quot;size&quot;:400,&quot;sizes&quot;:[]}}" data-widget_type="nested-accordion.default">
				<div class="elementor-widget-container">
							<div class="e-n-accordion" aria-label="Accordion. Open links with Enter or Space, close with Escape, and navigate with Arrow Keys">
						<details id="e-n-accordion-item-1000" class="e-n-accordion-item" open>
				<summary class="e-n-accordion-item-title" data-accordion-index="1" tabindex="0" aria-expanded="true" aria-controls="e-n-accordion-item-1000" >
					<span class='e-n-accordion-item-title-header'><div class="e-n-accordion-item-title-text"> . Why is balancing diplomacy and strength important in global politics? </div></span>
							<span class='e-n-accordion-item-title-icon'>
			<span class='e-opened' ><svg aria-hidden="true" class="e-font-icon-svg e-fas-minus" viewBox="0 0 448 512" xmlns="http://www.w3.org/2000/svg"><path d="M416 208H32c-17.67 0-32 14.33-32 32v32c0 17.67 14.33 32 32 32h384c17.67 0 32-14.33 32-32v-32c0-17.67-14.33-32-32-32z"></path></svg></span>
			<span class='e-closed'><svg aria-hidden="true" class="e-font-icon-svg e-fas-plus" viewBox="0 0 448 512" xmlns="http://www.w3.org/2000/svg"><path d="M416 208H272V64c0-17.67-14.33-32-32-32h-32c-17.67 0-32 14.33-32 32v144H32c-17.67 0-32 14.33-32 32v32c0 17.67 14.33 32 32 32h144v144c0 17.67 14.33 32 32 32h32c17.67 0 32-14.33 32-32V304h144c17.67 0 32-14.33 32-32v-32c0-17.67-14.33-32-32-32z"></path></svg></span>
		</span>

						</summary>
				<div role="region" aria-labelledby="e-n-accordion-item-1000" class="elementor-element elementor-element-42f0b16 e-con-full e-flex e-con e-child" data-id="42f0b16" data-element_type="container">
		<div role="region" aria-labelledby="e-n-accordion-item-1000" class="elementor-element elementor-element-7011f3f e-flex e-con-boxed e-con e-child" data-id="7011f3f" data-element_type="container">
					<div class="e-con-inner">
				<div class="elementor-element elementor-element-3820f88 elementor-widget elementor-widget-text-editor" data-id="3820f88" data-element_type="widget" data-widget_type="text-editor.default">
				<div class="elementor-widget-container">
									<p>Balancing diplomacy and strength is important because it allows nations to pursue their interests effectively while maintaining peaceful and cooperative relations with other countries. Over-reliance on either approach can lead to conflicts or vulnerability to coercion.</p>								</div>
				</div>
					</div>
				</div>
				</div>
					</details>
						<details id="e-n-accordion-item-1001" class="e-n-accordion-item" >
				<summary class="e-n-accordion-item-title" data-accordion-index="2" tabindex="-1" aria-expanded="false" aria-controls="e-n-accordion-item-1001" >
					<span class='e-n-accordion-item-title-header'><div class="e-n-accordion-item-title-text"> How does strength complement diplomacy in international relations? </div></span>
							<span class='e-n-accordion-item-title-icon'>
			<span class='e-opened' ><svg aria-hidden="true" class="e-font-icon-svg e-fas-minus" viewBox="0 0 448 512" xmlns="http://www.w3.org/2000/svg"><path d="M416 208H32c-17.67 0-32 14.33-32 32v32c0 17.67 14.33 32 32 32h384c17.67 0 32-14.33 32-32v-32c0-17.67-14.33-32-32-32z"></path></svg></span>
			<span class='e-closed'><svg aria-hidden="true" class="e-font-icon-svg e-fas-plus" viewBox="0 0 448 512" xmlns="http://www.w3.org/2000/svg"><path d="M416 208H272V64c0-17.67-14.33-32-32-32h-32c-17.67 0-32 14.33-32 32v144H32c-17.67 0-32 14.33-32 32v32c0 17.67 14.33 32 32 32h144v144c0 17.67 14.33 32 32 32h32c17.67 0 32-14.33 32-32V304h144c17.67 0 32-14.33 32-32v-32c0-17.67-14.33-32-32-32z"></path></svg></span>
		</span>

						</summary>
				<div role="region" aria-labelledby="e-n-accordion-item-1001" class="elementor-element elementor-element-65fd98f e-con-full e-flex e-con e-child" data-id="65fd98f" data-element_type="container">
		<div role="region" aria-labelledby="e-n-accordion-item-1001" class="elementor-element elementor-element-5e1cc57 e-flex e-con-boxed e-con e-child" data-id="5e1cc57" data-element_type="container">
					<div class="e-con-inner">
				<div class="elementor-element elementor-element-1b3c7c9 elementor-widget elementor-widget-text-editor" data-id="1b3c7c9" data-element_type="widget" data-widget_type="text-editor.default">
				<div class="elementor-widget-container">
									<p>Strength complements diplomacy by ensuring that diplomatic efforts are taken seriously. Military power, economic influence, and political leverage can serve as deterrents, provide negotiation leverage, and enhance a country&#8217;s ability to shape global agendas.</p>								</div>
				</div>
					</div>
				</div>
				</div>
					</details>
						<details id="e-n-accordion-item-1002" class="e-n-accordion-item" >
				<summary class="e-n-accordion-item-title" data-accordion-index="3" tabindex="-1" aria-expanded="false" aria-controls="e-n-accordion-item-1002" >
					<span class='e-n-accordion-item-title-header'><div class="e-n-accordion-item-title-text"> Can you provide an example of successful diplomacy and strength balance? </div></span>
							<span class='e-n-accordion-item-title-icon'>
			<span class='e-opened' ><svg aria-hidden="true" class="e-font-icon-svg e-fas-minus" viewBox="0 0 448 512" xmlns="http://www.w3.org/2000/svg"><path d="M416 208H32c-17.67 0-32 14.33-32 32v32c0 17.67 14.33 32 32 32h384c17.67 0 32-14.33 32-32v-32c0-17.67-14.33-32-32-32z"></path></svg></span>
			<span class='e-closed'><svg aria-hidden="true" class="e-font-icon-svg e-fas-plus" viewBox="0 0 448 512" xmlns="http://www.w3.org/2000/svg"><path d="M416 208H272V64c0-17.67-14.33-32-32-32h-32c-17.67 0-32 14.33-32 32v144H32c-17.67 0-32 14.33-32 32v32c0 17.67 14.33 32 32 32h144v144c0 17.67 14.33 32 32 32h32c17.67 0 32-14.33 32-32V304h144c17.67 0 32-14.33 32-32v-32c0-17.67-14.33-32-32-32z"></path></svg></span>
		</span>

						</summary>
				<div role="region" aria-labelledby="e-n-accordion-item-1002" class="elementor-element elementor-element-d52d69e e-con-full e-flex e-con e-child" data-id="d52d69e" data-element_type="container">
		<div role="region" aria-labelledby="e-n-accordion-item-1002" class="elementor-element elementor-element-c21ec95 e-flex e-con-boxed e-con e-child" data-id="c21ec95" data-element_type="container">
					<div class="e-con-inner">
				<div class="elementor-element elementor-element-88699f8 elementor-widget elementor-widget-text-editor" data-id="88699f8" data-element_type="widget" data-widget_type="text-editor.default">
				<div class="elementor-widget-container">
									<p>The Iran nuclear deal (Joint Comprehensive Plan of Action) is an example of successful diplomacy and strength balance. The agreement involved extensive diplomatic negotiations and the economic strength of participating nations to prevent Iran from developing nuclear weapons in exchange for lifting economic sanctions.</p>								</div>
				</div>
					</div>
				</div>
				</div>
					</details>
					</div>
						</div>
				</div>
					</div>
				</div>
				</div>
		]]></content:encoded>
					
					<wfw:commentRss>/balancing-diplomacy-and-strength-in-global-politics/feed/</wfw:commentRss>
			<slash:comments>0</slash:comments>
		
		
			</item>
		<item>
		<title>The Art of Political Leadership in Modern Times</title>
		<link>/the-art-of-political-leadership-in-modern-times/</link>
					<comments>/the-art-of-political-leadership-in-modern-times/#respond</comments>
		
		<dc:creator><![CDATA[BBIT]]></dc:creator>
		<pubDate>Sat, 28 Dec 2024 17:11:31 +0000</pubDate>
				<category><![CDATA[Politics]]></category>
		<category><![CDATA[GlobalPolitics]]></category>
		<category><![CDATA[LeadershipStrategies]]></category>
		<category><![CDATA[ModernGovernance]]></category>
		<category><![CDATA[ModernLeadershipArt]]></category>
		<category><![CDATA[PoliticalLeadership]]></category>
		<guid isPermaLink="false">/?p=234</guid>

					<description><![CDATA[The Art of Political Leadership in Modern Times The art of political leadership in modern times is a complex and [&#8230;]]]></description>
										<content:encoded><![CDATA[		<div data-elementor-type="wp-post" data-elementor-id="234" class="elementor elementor-234">
				<div class="elementor-element elementor-element-08f798b e-flex e-con-boxed e-con e-parent" data-id="08f798b" data-element_type="container">
					<div class="e-con-inner">
				<div class="elementor-element elementor-element-1b9a989 elementor-widget elementor-widget-heading" data-id="1b9a989" data-element_type="widget" data-widget_type="heading.default">
				<div class="elementor-widget-container">
					<h2 class="elementor-heading-title elementor-size-default">The Art of Political Leadership in Modern Times</h2>				</div>
				</div>
					</div>
				</div>
		<div class="elementor-element elementor-element-240d2da e-flex e-con-boxed e-con e-parent" data-id="240d2da" data-element_type="container">
					<div class="e-con-inner">
				<div class="elementor-element elementor-element-02b1b27 elementor-widget elementor-widget-text-editor" data-id="02b1b27" data-element_type="widget" data-widget_type="text-editor.default">
				<div class="elementor-widget-container">
									<div tabindex="0" role="article" data-tabster="{&quot;groupper&quot;:{&quot;tabbability&quot;:2},&quot;focusable&quot;:{}}" data-content="ai-message" aria-labelledby="WsGUEUBTTjo1S9UC37D3P-author} WsGUEUBTTjo1S9UC37D3P-content-0"><div id="WsGUEUBTTjo1S9UC37D3P-content-0"><p>The art of political leadership in modern times is a complex and multifaceted endeavor, requiring a delicate balance of vision, empathy, and strategic acumen. Today&#8217;s political leaders must navigate an increasingly interconnected and rapidly changing world, where the challenges are as diverse as they are daunting. From addressing climate change and economic inequality to managing global health crises and technological advancements, modern political leaders must be adept at understanding and responding to the needs and aspirations of their constituents. This requires not only a deep understanding of policy and governance but also the ability to communicate effectively, build consensus, and inspire collective action.</p><p>In addition to these traditional skills, modern political leaders must also be adept at leveraging technology and social media to engage with the public and shape public opinion. The rise of digital platforms has transformed the way political leaders connect with their constituents, allowing for more direct and immediate communication. However, this also comes with the challenge of navigating misinformation and maintaining credibility in an era of information overload. Effective political leadership in modern times, therefore, requires a keen awareness of the digital landscape and the ability to harness its potential while mitigating its risks. Ultimately, the art of political leadership today is about being adaptable, forward-thinking, and deeply attuned to the evolving needs of society.</p></div></div><p> </p>								</div>
				</div>
					</div>
				</div>
		<div class="elementor-element elementor-element-d16e465 e-flex e-con-boxed e-con e-parent" data-id="d16e465" data-element_type="container">
					<div class="e-con-inner">
				<div class="elementor-element elementor-element-6b0285e elementor-widget elementor-widget-image" data-id="6b0285e" data-element_type="widget" data-widget_type="image.default">
				<div class="elementor-widget-container">
															<img decoding="async" width="300" height="168" src="/wp-content/uploads/2024/12/po-2.jpeg" class="attachment-large size-large wp-image-238" alt="leadership" />															</div>
				</div>
					</div>
				</div>
		<div class="elementor-element elementor-element-b87e65f e-flex e-con-boxed e-con e-parent" data-id="b87e65f" data-element_type="container">
					<div class="e-con-inner">
				<div class="elementor-element elementor-element-7e5aff7 elementor-widget elementor-widget-text-editor" data-id="7e5aff7" data-element_type="widget" data-widget_type="text-editor.default">
				<div class="elementor-widget-container">
									<p>Leadership in politics is an intricate art, blending vision, strategy, and communication. It is not merely about managing policies or making decisions; it is about crafting a narrative and leading with purpose. The art of political leadership is especially evident when bold decisions shape the future of a nation. It is through this art that leaders leave a lasting legacy, influencing the course of history.</p>								</div>
				</div>
					</div>
				</div>
		<div class="elementor-element elementor-element-2d284c5 e-flex e-con-boxed e-con e-parent" data-id="2d284c5" data-element_type="container">
					<div class="e-con-inner">
				<div class="elementor-element elementor-element-42fab1f elementor-widget elementor-widget-heading" data-id="42fab1f" data-element_type="widget" data-widget_type="heading.default">
				<div class="elementor-widget-container">
					<h2 class="elementor-heading-title elementor-size-default">The Art of Visionary Thinking</h2>				</div>
				</div>
					</div>
				</div>
		<div class="elementor-element elementor-element-efe5107 e-flex e-con-boxed e-con e-parent" data-id="efe5107" data-element_type="container">
					<div class="e-con-inner">
				<div class="elementor-element elementor-element-aa010d7 elementor-widget elementor-widget-text-editor" data-id="aa010d7" data-element_type="widget" data-widget_type="text-editor.default">
				<div class="elementor-widget-container">
									<p>The foundation of political leadership lies in the art of visionary thinking. This involves the ability to anticipate challenges, recognize opportunities, and develop strategies that address both. Visionary leaders practice the art of seeing beyond the immediate, understanding the broader implications of their decisions. They craft policies that not only solve present problems but also set the stage for long-term growth and stability.</p><p>This art is evident in historical moments where leaders introduced groundbreaking reforms. These were not random acts but carefully crafted visions brought to life. The art of visionary thinking requires creativity, foresight, and the courage to challenge conventional norms, paving the way for progress.</p>								</div>
				</div>
					</div>
				</div>
		<div class="elementor-element elementor-element-9f59f79 e-flex e-con-boxed e-con e-parent" data-id="9f59f79" data-element_type="container">
					<div class="e-con-inner">
				<div class="elementor-element elementor-element-e716a3b elementor-widget elementor-widget-heading" data-id="e716a3b" data-element_type="widget" data-widget_type="heading.default">
				<div class="elementor-widget-container">
					<h2 class="elementor-heading-title elementor-size-default">The Art of Communication</h2>				</div>
				</div>
					</div>
				</div>
		<div class="elementor-element elementor-element-c9f09b1 e-flex e-con-boxed e-con e-parent" data-id="c9f09b1" data-element_type="container">
					<div class="e-con-inner">
				<div class="elementor-element elementor-element-7001a41 elementor-widget elementor-widget-text-editor" data-id="7001a41" data-element_type="widget" data-widget_type="text-editor.default">
				<div class="elementor-widget-container">
									<p>Another essential element of political leadership is the art of communication. Leaders must connect with people, inspire trust, and convey their vision effectively. The art of communication is not limited to delivering powerful speeches; it involves listening, understanding the concerns of the public, and responding with empathy and clarity.</p><p>Great leaders master this art by tailoring their messages to resonate with diverse audiences. They use the art of storytelling to make complex policies accessible and relatable. This ability to communicate effectively is what transforms a bold decision into a widely accepted and supported initiative. The art of communication is, therefore, central to the success of any political endeavor.</p>								</div>
				</div>
					</div>
				</div>
		<div class="elementor-element elementor-element-8edb269 e-flex e-con-boxed e-con e-parent" data-id="8edb269" data-element_type="container">
					<div class="e-con-inner">
				<div class="elementor-element elementor-element-ffcf136 elementor-widget elementor-widget-heading" data-id="ffcf136" data-element_type="widget" data-widget_type="heading.default">
				<div class="elementor-widget-container">
					<h2 class="elementor-heading-title elementor-size-default">The Art of Decision-Making</h2>				</div>
				</div>
					</div>
				</div>
		<div class="elementor-element elementor-element-53ff2cd e-flex e-con-boxed e-con e-parent" data-id="53ff2cd" data-element_type="container">
					<div class="e-con-inner">
				<div class="elementor-element elementor-element-b61815d elementor-widget elementor-widget-text-editor" data-id="b61815d" data-element_type="widget" data-widget_type="text-editor.default">
				<div class="elementor-widget-container">
									<p>Bold decisions are at the heart of transformative<a href="https://www.academia.edu/8249957/Leadership_in_Modern_Times" target="_blank" rel="noopener"> leadership</a>, and making such decisions is an art in itself. It involves balancing risks and rewards, considering the needs of various stakeholders, and staying true to one’s principles. The art of decision-making is not about impulsive actions; it is about deliberate, calculated moves that reflect a deep understanding of the situation.</p><p>This art also includes the ability to adapt and pivot when circumstances change. Leaders who excel in the art of decision-making understand that flexibility is as important as determination. They approach challenges with a blend of intuition and analysis, ensuring that their choices are both impactful and sustainable.</p>								</div>
				</div>
					</div>
				</div>
		<div class="elementor-element elementor-element-04dd022 e-flex e-con-boxed e-con e-parent" data-id="04dd022" data-element_type="container">
					<div class="e-con-inner">
				<div class="elementor-element elementor-element-2cedc07 elementor-widget elementor-widget-image" data-id="2cedc07" data-element_type="widget" data-widget_type="image.default">
				<div class="elementor-widget-container">
															<img loading="lazy" decoding="async" width="225" height="225" src="/wp-content/uploads/2024/12/po4.jpeg" class="attachment-large size-large wp-image-240" alt="" srcset="/wp-content/uploads/2024/12/po4.jpeg 225w, /wp-content/uploads/2024/12/po4-150x150.jpeg 150w" sizes="(max-width: 225px) 100vw, 225px" />															</div>
				</div>
					</div>
				</div>
		<div class="elementor-element elementor-element-dc8130d e-flex e-con-boxed e-con e-parent" data-id="dc8130d" data-element_type="container">
					<div class="e-con-inner">
				<div class="elementor-element elementor-element-2c91f7f elementor-widget elementor-widget-heading" data-id="2c91f7f" data-element_type="widget" data-widget_type="heading.default">
				<div class="elementor-widget-container">
					<h2 class="elementor-heading-title elementor-size-default">The Art of Building Alliances</h2>				</div>
				</div>
					</div>
				</div>
		<div class="elementor-element elementor-element-4f20e4d e-flex e-con-boxed e-con e-parent" data-id="4f20e4d" data-element_type="container">
					<div class="e-con-inner">
				<div class="elementor-element elementor-element-3bca9b5 elementor-widget elementor-widget-text-editor" data-id="3bca9b5" data-element_type="widget" data-widget_type="text-editor.default">
				<div class="elementor-widget-container">
									<p><a style="font-family: var( --e-global-typography-text-font-family ), Sans-serif; font-weight: var( --e-global-typography-text-font-weight ); text-align: var(--text-align); font-size: 1rem;" href="/balancing-diplomacy-and-strength-in-global-politics/" target="_blank" rel="noopener">Political </a><a href="/balancing-diplomacy-and-strength-in-global-politics/">leadership</a> is rarely a solo endeavor. The art of building alliances is crucial for turning bold ideas into reality. This involves forging relationships, finding common ground, and working collaboratively with others. Whether it’s within a political party, across the aisle, or on the international stage, the art of alliance-building is a skill that defines successful leaders.</p><p>This art requires patience, negotiation, and mutual respect. Leaders who master it can unite diverse groups under a shared vision, creating the momentum needed to drive change. The art of building alliances is not just about achieving immediate goals; it’s about laying the groundwork for enduring partnerships and trust.</p>								</div>
				</div>
					</div>
				</div>
		<div class="elementor-element elementor-element-4596714 e-flex e-con-boxed e-con e-parent" data-id="4596714" data-element_type="container">
					<div class="e-con-inner">
				<div class="elementor-element elementor-element-7dbcc2c elementor-widget elementor-widget-heading" data-id="7dbcc2c" data-element_type="widget" data-widget_type="heading.default">
				<div class="elementor-widget-container">
					<h2 class="elementor-heading-title elementor-size-default">The Art of Resilience</h2>				</div>
				</div>
					</div>
				</div>
		<div class="elementor-element elementor-element-8c25e75 e-flex e-con-boxed e-con e-parent" data-id="8c25e75" data-element_type="container">
					<div class="e-con-inner">
				<div class="elementor-element elementor-element-3095443 elementor-widget elementor-widget-text-editor" data-id="3095443" data-element_type="widget" data-widget_type="text-editor.default">
				<div class="elementor-widget-container">
									<p>Every bold decision faces resistance, and the ability to persevere is a hallmark of great leadership. The art of resilience is about staying committed to one’s vision despite criticism and setbacks. It involves learning from failures, adapting to new realities, and maintaining focus on the ultimate goal.</p><p>Resilient leaders draw on the art of inner strength and external support to navigate challenges. They inspire confidence by demonstrating unwavering determination, even in the face of adversity. The art of resilience ensures that bold decisions are not abandoned at the first sign of difficulty but are pursued with tenacity and resolve.</p>								</div>
				</div>
					</div>
				</div>
		<div class="elementor-element elementor-element-84d232e e-flex e-con-boxed e-con e-parent" data-id="84d232e" data-element_type="container">
					<div class="e-con-inner">
				<div class="elementor-element elementor-element-e6d5f13 elementor-widget elementor-widget-html" data-id="e6d5f13" data-element_type="widget" data-widget_type="html.default">
				<div class="elementor-widget-container">
					<iframe width="560" height="315" src="https://www.youtube.com/embed/wstxBsDRm6M?si=8T0yAJe8q4Gy5_Rj" title="YouTube video player" frameborder="0" allow="accelerometer; autoplay; clipboard-write; encrypted-media; gyroscope; picture-in-picture; web-share" referrerpolicy="strict-origin-when-cross-origin" allowfullscreen></iframe>				</div>
				</div>
					</div>
				</div>
		<div class="elementor-element elementor-element-b942425 e-flex e-con-boxed e-con e-parent" data-id="b942425" data-element_type="container">
					<div class="e-con-inner">
				<div class="elementor-element elementor-element-36cb925 elementor-widget elementor-widget-heading" data-id="36cb925" data-element_type="widget" data-widget_type="heading.default">
				<div class="elementor-widget-container">
					<h2 class="elementor-heading-title elementor-size-default">The Legacy of the Art of Leadership</h2>				</div>
				</div>
					</div>
				</div>
		<div class="elementor-element elementor-element-55b38b8 e-flex e-con-boxed e-con e-parent" data-id="55b38b8" data-element_type="container">
					<div class="e-con-inner">
				<div class="elementor-element elementor-element-dce10ec elementor-widget elementor-widget-text-editor" data-id="dce10ec" data-element_type="widget" data-widget_type="text-editor.default">
				<div class="elementor-widget-container">
									<p>The true measure of a leader lies in their legacy. Bold decisions, crafted through the art of leadership, leave a lasting impact on society. They shape the trajectory of nations and inspire future generations. The art of political leadership is about more than governance; it is about creating a vision that transcends the present and resonates for years to come.</p><p>In conclusion, the art of political leadership is a multifaceted discipline that encompasses visionary thinking, communication, decision-making, alliance-building, and resilience. Each of these elements is an art in its own right, contributing to the overall effectiveness of a leader. By mastering these arts, political leaders can navigate the complexities of modern governance and leave an indelible mark on history. The art of leadership is, ultimately, the art of shaping the future.</p>								</div>
				</div>
					</div>
				</div>
		<div class="elementor-element elementor-element-63619c1 e-flex e-con-boxed e-con e-parent" data-id="63619c1" data-element_type="container">
					<div class="e-con-inner">
				<div class="elementor-element elementor-element-7164233 elementor-widget elementor-widget-n-accordion" data-id="7164233" data-element_type="widget" data-settings="{&quot;default_state&quot;:&quot;expanded&quot;,&quot;max_items_expended&quot;:&quot;one&quot;,&quot;n_accordion_animation_duration&quot;:{&quot;unit&quot;:&quot;ms&quot;,&quot;size&quot;:400,&quot;sizes&quot;:[]}}" data-widget_type="nested-accordion.default">
				<div class="elementor-widget-container">
							<div class="e-n-accordion" aria-label="Accordion. Open links with Enter or Space, close with Escape, and navigate with Arrow Keys">
						<details id="e-n-accordion-item-1180" class="e-n-accordion-item" open>
				<summary class="e-n-accordion-item-title" data-accordion-index="1" tabindex="0" aria-expanded="true" aria-controls="e-n-accordion-item-1180" >
					<span class='e-n-accordion-item-title-header'><div class="e-n-accordion-item-title-text"> What qualities are essential for effective political leadership? </div></span>
							<span class='e-n-accordion-item-title-icon'>
			<span class='e-opened' ><svg aria-hidden="true" class="e-font-icon-svg e-fas-minus" viewBox="0 0 448 512" xmlns="http://www.w3.org/2000/svg"><path d="M416 208H32c-17.67 0-32 14.33-32 32v32c0 17.67 14.33 32 32 32h384c17.67 0 32-14.33 32-32v-32c0-17.67-14.33-32-32-32z"></path></svg></span>
			<span class='e-closed'><svg aria-hidden="true" class="e-font-icon-svg e-fas-plus" viewBox="0 0 448 512" xmlns="http://www.w3.org/2000/svg"><path d="M416 208H272V64c0-17.67-14.33-32-32-32h-32c-17.67 0-32 14.33-32 32v144H32c-17.67 0-32 14.33-32 32v32c0 17.67 14.33 32 32 32h144v144c0 17.67 14.33 32 32 32h32c17.67 0 32-14.33 32-32V304h144c17.67 0 32-14.33 32-32v-32c0-17.67-14.33-32-32-32z"></path></svg></span>
		</span>

						</summary>
				<div role="region" aria-labelledby="e-n-accordion-item-1180" class="elementor-element elementor-element-b374149 e-con-full e-flex e-con e-child" data-id="b374149" data-element_type="container">
		<div role="region" aria-labelledby="e-n-accordion-item-1180" class="elementor-element elementor-element-e60b864 e-flex e-con-boxed e-con e-child" data-id="e60b864" data-element_type="container">
					<div class="e-con-inner">
				<div class="elementor-element elementor-element-f7b4ac8 elementor-widget elementor-widget-text-editor" data-id="f7b4ac8" data-element_type="widget" data-widget_type="text-editor.default">
				<div class="elementor-widget-container">
									<p>Effective political leadership requires a combination of vision, empathy, strategic thinking, and strong communication skills. Leaders must be able to understand and address the needs of their constituents, build consensus, and inspire collective action.</p>								</div>
				</div>
					</div>
				</div>
				</div>
					</details>
						<details id="e-n-accordion-item-1181" class="e-n-accordion-item" >
				<summary class="e-n-accordion-item-title" data-accordion-index="2" tabindex="-1" aria-expanded="false" aria-controls="e-n-accordion-item-1181" >
					<span class='e-n-accordion-item-title-header'><div class="e-n-accordion-item-title-text"> How has technology impacted political leadership in modern times? </div></span>
							<span class='e-n-accordion-item-title-icon'>
			<span class='e-opened' ><svg aria-hidden="true" class="e-font-icon-svg e-fas-minus" viewBox="0 0 448 512" xmlns="http://www.w3.org/2000/svg"><path d="M416 208H32c-17.67 0-32 14.33-32 32v32c0 17.67 14.33 32 32 32h384c17.67 0 32-14.33 32-32v-32c0-17.67-14.33-32-32-32z"></path></svg></span>
			<span class='e-closed'><svg aria-hidden="true" class="e-font-icon-svg e-fas-plus" viewBox="0 0 448 512" xmlns="http://www.w3.org/2000/svg"><path d="M416 208H272V64c0-17.67-14.33-32-32-32h-32c-17.67 0-32 14.33-32 32v144H32c-17.67 0-32 14.33-32 32v32c0 17.67 14.33 32 32 32h144v144c0 17.67 14.33 32 32 32h32c17.67 0 32-14.33 32-32V304h144c17.67 0 32-14.33 32-32v-32c0-17.67-14.33-32-32-32z"></path></svg></span>
		</span>

						</summary>
				<div role="region" aria-labelledby="e-n-accordion-item-1181" class="elementor-element elementor-element-8c39749 e-con-full e-flex e-con e-child" data-id="8c39749" data-element_type="container">
		<div role="region" aria-labelledby="e-n-accordion-item-1181" class="elementor-element elementor-element-044865f e-flex e-con-boxed e-con e-child" data-id="044865f" data-element_type="container">
					<div class="e-con-inner">
				<div class="elementor-element elementor-element-1fa8e8e elementor-widget elementor-widget-text-editor" data-id="1fa8e8e" data-element_type="widget" data-widget_type="text-editor.default">
				<div class="elementor-widget-container">
									<p>Technology has transformed political leadership by enabling more direct and immediate communication with constituents through digital platforms and social media. However, it also presents challenges such as navigating misinformation and maintaining credibility in an era of information overload.</p>								</div>
				</div>
					</div>
				</div>
				</div>
					</details>
						<details id="e-n-accordion-item-1182" class="e-n-accordion-item" >
				<summary class="e-n-accordion-item-title" data-accordion-index="3" tabindex="-1" aria-expanded="false" aria-controls="e-n-accordion-item-1182" >
					<span class='e-n-accordion-item-title-header'><div class="e-n-accordion-item-title-text"> Why is adaptability important for modern political leaders? </div></span>
							<span class='e-n-accordion-item-title-icon'>
			<span class='e-opened' ><svg aria-hidden="true" class="e-font-icon-svg e-fas-minus" viewBox="0 0 448 512" xmlns="http://www.w3.org/2000/svg"><path d="M416 208H32c-17.67 0-32 14.33-32 32v32c0 17.67 14.33 32 32 32h384c17.67 0 32-14.33 32-32v-32c0-17.67-14.33-32-32-32z"></path></svg></span>
			<span class='e-closed'><svg aria-hidden="true" class="e-font-icon-svg e-fas-plus" viewBox="0 0 448 512" xmlns="http://www.w3.org/2000/svg"><path d="M416 208H272V64c0-17.67-14.33-32-32-32h-32c-17.67 0-32 14.33-32 32v144H32c-17.67 0-32 14.33-32 32v32c0 17.67 14.33 32 32 32h144v144c0 17.67 14.33 32 32 32h32c17.67 0 32-14.33 32-32V304h144c17.67 0 32-14.33 32-32v-32c0-17.67-14.33-32-32-32z"></path></svg></span>
		</span>

						</summary>
				<div role="region" aria-labelledby="e-n-accordion-item-1182" class="elementor-element elementor-element-45b97cf e-con-full e-flex e-con e-child" data-id="45b97cf" data-element_type="container">
		<div role="region" aria-labelledby="e-n-accordion-item-1182" class="elementor-element elementor-element-e07da65 e-flex e-con-boxed e-con e-child" data-id="e07da65" data-element_type="container">
					<div class="e-con-inner">
				<div class="elementor-element elementor-element-ba4d42a elementor-widget elementor-widget-text-editor" data-id="ba4d42a" data-element_type="widget" data-widget_type="text-editor.default">
				<div class="elementor-widget-container">
									<p>Adaptability is crucial for modern political leaders because they must navigate an increasingly interconnected and rapidly changing world. Being adaptable allows leaders to respond effectively to emerging challenges, such as climate change, economic inequality, and global health crises.</p>								</div>
				</div>
					</div>
				</div>
				</div>
					</details>
					</div>
						</div>
				</div>
					</div>
				</div>
				</div>
		]]></content:encoded>
					
					<wfw:commentRss>/the-art-of-political-leadership-in-modern-times/feed/</wfw:commentRss>
			<slash:comments>0</slash:comments>
		
		
			</item>
		<item>
		<title>Tackling Noise: Technology Integration for Improved Noise Pollution Monitoring</title>
		<link>/tackling-noise-pollution-monitoring-in-2025/</link>
					<comments>/tackling-noise-pollution-monitoring-in-2025/#respond</comments>
		
		<dc:creator><![CDATA[BBIT]]></dc:creator>
		<pubDate>Sat, 28 Dec 2024 16:13:36 +0000</pubDate>
				<category><![CDATA[Technology]]></category>
		<guid isPermaLink="false">/?p=215</guid>

					<description><![CDATA[Noise pollution is an increasing concern in our rapidly urbanizing world. From bustling cities to industrial zones, the constant hum [&#8230;]]]></description>
										<content:encoded><![CDATA[		<div data-elementor-type="wp-post" data-elementor-id="215" class="elementor elementor-215">
				<div class="elementor-element elementor-element-e736c4c e-flex e-con-boxed e-con e-parent" data-id="e736c4c" data-element_type="container">
					<div class="e-con-inner">
				<div class="elementor-element elementor-element-22a20fa elementor-widget elementor-widget-text-editor" data-id="22a20fa" data-element_type="widget" data-widget_type="text-editor.default">
				<div class="elementor-widget-container">
									<p>Noise pollution is an increasing concern in our rapidly urbanizing world. From bustling cities to industrial zones, the constant hum of human activity can have detrimental effects on both the environment and public health. To combat this growing issue, technology is being integrated into pollution monitoring systems, offering innovative solutions to better understand and manage this pervasive problem.</p>								</div>
				</div>
					</div>
				</div>
		<div class="elementor-element elementor-element-2c60e06 e-flex e-con-boxed e-con e-parent" data-id="2c60e06" data-element_type="container">
					<div class="e-con-inner">
				<div class="elementor-element elementor-element-95a99e0 elementor-widget elementor-widget-image" data-id="95a99e0" data-element_type="widget" data-widget_type="image.default">
				<div class="elementor-widget-container">
															<img loading="lazy" decoding="async" width="275" height="183" src="/wp-content/uploads/2024/12/no-1.jpeg" class="attachment-large size-large wp-image-216" alt="Noise pollution" />															</div>
				</div>
					</div>
				</div>
		<div class="elementor-element elementor-element-0a943c7 e-flex e-con-boxed e-con e-parent" data-id="0a943c7" data-element_type="container">
					<div class="e-con-inner">
				<div class="elementor-element elementor-element-924e5be elementor-widget elementor-widget-heading" data-id="924e5be" data-element_type="widget" data-widget_type="heading.default">
				<div class="elementor-widget-container">
					<h2 class="elementor-heading-title elementor-size-default">The Impact of Noise Pollution</h2>				</div>
				</div>
					</div>
				</div>
		<div class="elementor-element elementor-element-ee1b5c2 e-flex e-con-boxed e-con e-parent" data-id="ee1b5c2" data-element_type="container">
					<div class="e-con-inner">
				<div class="elementor-element elementor-element-8914966 elementor-widget elementor-widget-text-editor" data-id="8914966" data-element_type="widget" data-widget_type="text-editor.default">
				<div class="elementor-widget-container">
									<p> Pollution, characterized by unwanted or<a href="/noisy-booster-landings-threaten-spaceflight/" target="_blank" rel="noopener"> harmful sound</a>, can lead to various health issues such as hearing loss, stress, sleep disturbances, and cardiovascular problems. Additionally, it disrupts wildlife habitats, affecting animal behavior and biodiversity. The economic impact is also significant, with pollution contributing to decreased productivity and increased healthcare costs. As urban areas continue to expand, the need for effective pollution monitoring and management becomes more critical than ever.</p><h4> </h4>								</div>
				</div>
					</div>
				</div>
		<div class="elementor-element elementor-element-a2892cf e-flex e-con-boxed e-con e-parent" data-id="a2892cf" data-element_type="container">
					<div class="e-con-inner">
				<div class="elementor-element elementor-element-7db615b elementor-widget elementor-widget-heading" data-id="7db615b" data-element_type="widget" data-widget_type="heading.default">
				<div class="elementor-widget-container">
					<h2 class="elementor-heading-title elementor-size-default">Technological Advancements in Noise Pollution Monitoring</h2>				</div>
				</div>
					</div>
				</div>
		<div class="elementor-element elementor-element-f153e91 e-flex e-con-boxed e-con e-parent" data-id="f153e91" data-element_type="container">
					<div class="e-con-inner">
				<div class="elementor-element elementor-element-3e43446 elementor-widget elementor-widget-text-editor" data-id="3e43446" data-element_type="widget" data-widget_type="text-editor.default">
				<div class="elementor-widget-container">
									<p>The integration of technology in noise monitoring has revolutionized the way we detect, analyze, and mitigate noise. Advanced sensors, data analytics, and real-time monitoring systems are some of the key innovations driving this change.</p><ul><li><p><strong>Advanced Sensors:</strong> Modern pollution monitoring relies on sophisticated sensors that can accurately capture sound levels across different frequencies. These sensors are often connected to the Internet of Things (IoT) networks, enabling real-time data collection and transmission to centralized databases.</p></li><li><p><strong>Data Analytics:</strong> Big data analytics plays a crucial role in processing the vast amounts of noise data collected by sensors. By applying machine learning algorithms and statistical models, analysts can identify patterns and trends in pollution, helping to pinpoint sources and assess their impact.</p></li><li><p><strong>Real-Time Monitoring Systems:</strong> Real-time monitoring systems provide instant feedback on pollution levels. These systems use wireless communication technologies to transmit data to control centers, where it can be analyzed and acted upon immediately. This enables authorities to respond swiftly to pollution incidents and implement mitigation measures</p></li></ul>								</div>
				</div>
					</div>
				</div>
		<div class="elementor-element elementor-element-9d3f9a8 e-flex e-con-boxed e-con e-parent" data-id="9d3f9a8" data-element_type="container">
					<div class="e-con-inner">
				<div class="elementor-element elementor-element-a361c5e elementor-widget elementor-widget-image" data-id="a361c5e" data-element_type="widget" data-widget_type="image.default">
				<div class="elementor-widget-container">
															<img loading="lazy" decoding="async" width="1024" height="576" src="/wp-content/uploads/2024/12/no-2-1024x576.webp" class="attachment-large size-large wp-image-217" alt="" srcset="/wp-content/uploads/2024/12/no-2-1024x576.webp 1024w, /wp-content/uploads/2024/12/no-2-300x169.webp 300w, /wp-content/uploads/2024/12/no-2-768x432.webp 768w, /wp-content/uploads/2024/12/no-2.webp 1350w" sizes="(max-width: 1024px) 100vw, 1024px" />															</div>
				</div>
					</div>
				</div>
		<div class="elementor-element elementor-element-eb3de37 e-flex e-con-boxed e-con e-parent" data-id="eb3de37" data-element_type="container">
					<div class="e-con-inner">
				<div class="elementor-element elementor-element-7edd6e1 elementor-widget elementor-widget-heading" data-id="7edd6e1" data-element_type="widget" data-widget_type="heading.default">
				<div class="elementor-widget-container">
					<h2 class="elementor-heading-title elementor-size-default">Applications of Technology in Noise Pollution Management</h2>				</div>
				</div>
					</div>
				</div>
		<div class="elementor-element elementor-element-2f04e39 e-flex e-con-boxed e-con e-parent" data-id="2f04e39" data-element_type="container">
					<div class="e-con-inner">
				<div class="elementor-element elementor-element-530742b elementor-widget elementor-widget-text-editor" data-id="530742b" data-element_type="widget" data-widget_type="text-editor.default">
				<div class="elementor-widget-container">
									<p>The integration of technology in pollution monitoring extends beyond data collection and analysis. It also encompasses various applications aimed at mitigating noise pollution.</p><ol start="1"><li><p><strong>Urban Planning:</strong>  Pollution data is invaluable for urban planners in designing quieter and more livable cities. By identifying noise hotspots, planners can implement zoning regulations, construct noise barriers, and design green spaces that absorb and diffuse sound.</p></li><li><p><strong>Transportation Management:</strong> Transportation is a major source of pollution. Technological solutions such as noise-reducing road surfaces, quieter vehicle designs, and soundproofing measures in public transportation systems can significantly reduce noise levels.</p></li><li><p><strong>Community Engagement:</strong> Public awareness and community involvement are essential components of effective pollution management. Mobile apps and online platforms allow residents to report noise issues, access real-time pollution data, and participate in noise reduction initiatives.</p></li></ol>								</div>
				</div>
					</div>
				</div>
		<div class="elementor-element elementor-element-cfde757 e-flex e-con-boxed e-con e-parent" data-id="cfde757" data-element_type="container">
					<div class="e-con-inner">
				<div class="elementor-element elementor-element-20d8049 elementor-widget elementor-widget-heading" data-id="20d8049" data-element_type="widget" data-widget_type="heading.default">
				<div class="elementor-widget-container">
					<h2 class="elementor-heading-title elementor-size-default">The Future of Noise Pollution Monitoring</h2>				</div>
				</div>
					</div>
				</div>
		<div class="elementor-element elementor-element-f2d92ce e-flex e-con-boxed e-con e-parent" data-id="f2d92ce" data-element_type="container">
					<div class="e-con-inner">
				<div class="elementor-element elementor-element-95fa000 elementor-widget elementor-widget-text-editor" data-id="95fa000" data-element_type="widget" data-widget_type="text-editor.default">
				<div class="elementor-widget-container">
									<p>As technology continues to advance, the future of pollution monitoring looks promising. Emerging technologies such as artificial intelligence, drones, and smart cities will further enhance our ability to monitor and manage pollution. AI-powered systems can predict pollution patterns and optimize mitigation strategies, while drones equipped with noise sensors can provide aerial noise mapping for hard-to-reach areas. Smart city infrastructures will integrate noise monitoring into their ecosystems, enabling more efficient and effective pollution management.</p><h4> </h4>								</div>
				</div>
					</div>
				</div>
		<div class="elementor-element elementor-element-af10367 e-flex e-con-boxed e-con e-parent" data-id="af10367" data-element_type="container">
					<div class="e-con-inner">
				<div class="elementor-element elementor-element-e1ac0d9 elementor-widget elementor-widget-html" data-id="e1ac0d9" data-element_type="widget" data-widget_type="html.default">
				<div class="elementor-widget-container">
					<iframe width="560" height="315" src="https://www.youtube.com/embed/Y4MGdy2ezd0?si=PdwqaEbZakzmo4Xg" title="YouTube video player" frameborder="0" allow="accelerometer; autoplay; clipboard-write; encrypted-media; gyroscope; picture-in-picture; web-share" referrerpolicy="strict-origin-when-cross-origin" allowfullscreen></iframe>				</div>
				</div>
					</div>
				</div>
		<div class="elementor-element elementor-element-4b61bb7 e-flex e-con-boxed e-con e-parent" data-id="4b61bb7" data-element_type="container">
					<div class="e-con-inner">
				<div class="elementor-element elementor-element-508cfbe elementor-widget elementor-widget-heading" data-id="508cfbe" data-element_type="widget" data-widget_type="heading.default">
				<div class="elementor-widget-container">
					<h2 class="elementor-heading-title elementor-size-default">Conclusion</h2>				</div>
				</div>
					</div>
				</div>
		<div class="elementor-element elementor-element-2d45272 e-flex e-con-boxed e-con e-parent" data-id="2d45272" data-element_type="container">
					<div class="e-con-inner">
				<div class="elementor-element elementor-element-1fa99f2 elementor-widget elementor-widget-text-editor" data-id="1fa99f2" data-element_type="widget" data-widget_type="text-editor.default">
				<div class="elementor-widget-container">
									<p>The integration of technology into <a href="https://pmc.ncbi.nlm.nih.gov/articles/PMC10935752/" target="_blank" rel="noopener">noise pollution</a> monitoring is transforming the way we address this pressing issue. By leveraging advanced sensors, data analytics, and real-time monitoring systems, we can better understand and mitigate noise pollution&#8217;s impact on our health and environment. As we continue to innovate, it is essential to prioritize sustainable and community-driven approaches to create a quieter, healthier world for future generations.</p>								</div>
				</div>
					</div>
				</div>
		<div class="elementor-element elementor-element-b52cdcd e-flex e-con-boxed e-con e-parent" data-id="b52cdcd" data-element_type="container">
					<div class="e-con-inner">
				<div class="elementor-element elementor-element-a3dddf1 elementor-widget elementor-widget-n-accordion" data-id="a3dddf1" data-element_type="widget" data-settings="{&quot;default_state&quot;:&quot;expanded&quot;,&quot;max_items_expended&quot;:&quot;one&quot;,&quot;n_accordion_animation_duration&quot;:{&quot;unit&quot;:&quot;ms&quot;,&quot;size&quot;:400,&quot;sizes&quot;:[]}}" data-widget_type="nested-accordion.default">
				<div class="elementor-widget-container">
							<div class="e-n-accordion" aria-label="Accordion. Open links with Enter or Space, close with Escape, and navigate with Arrow Keys">
						<details id="e-n-accordion-item-1710" class="e-n-accordion-item" open>
				<summary class="e-n-accordion-item-title" data-accordion-index="1" tabindex="0" aria-expanded="true" aria-controls="e-n-accordion-item-1710" >
					<span class='e-n-accordion-item-title-header'><div class="e-n-accordion-item-title-text"> What are the health effects of noise pollution? </div></span>
							<span class='e-n-accordion-item-title-icon'>
			<span class='e-opened' ><svg aria-hidden="true" class="e-font-icon-svg e-fas-minus" viewBox="0 0 448 512" xmlns="http://www.w3.org/2000/svg"><path d="M416 208H32c-17.67 0-32 14.33-32 32v32c0 17.67 14.33 32 32 32h384c17.67 0 32-14.33 32-32v-32c0-17.67-14.33-32-32-32z"></path></svg></span>
			<span class='e-closed'><svg aria-hidden="true" class="e-font-icon-svg e-fas-plus" viewBox="0 0 448 512" xmlns="http://www.w3.org/2000/svg"><path d="M416 208H272V64c0-17.67-14.33-32-32-32h-32c-17.67 0-32 14.33-32 32v144H32c-17.67 0-32 14.33-32 32v32c0 17.67 14.33 32 32 32h144v144c0 17.67 14.33 32 32 32h32c17.67 0 32-14.33 32-32V304h144c17.67 0 32-14.33 32-32v-32c0-17.67-14.33-32-32-32z"></path></svg></span>
		</span>

						</summary>
				<div role="region" aria-labelledby="e-n-accordion-item-1710" class="elementor-element elementor-element-0ae7b66 e-con-full e-flex e-con e-child" data-id="0ae7b66" data-element_type="container">
		<div role="region" aria-labelledby="e-n-accordion-item-1710" class="elementor-element elementor-element-7a67f55 e-flex e-con-boxed e-con e-child" data-id="7a67f55" data-element_type="container">
					<div class="e-con-inner">
				<div class="elementor-element elementor-element-f9a72bb elementor-widget elementor-widget-text-editor" data-id="f9a72bb" data-element_type="widget" data-widget_type="text-editor.default">
				<div class="elementor-widget-container">
									<p>Noise pollution can lead to various health issues, including hearing loss, stress, sleep disturbances, and cardiovascular problems. Prolonged exposure to high noise levels can significantly impact both physical and mental well-being.</p>								</div>
				</div>
					</div>
				</div>
				</div>
					</details>
						<details id="e-n-accordion-item-1711" class="e-n-accordion-item" >
				<summary class="e-n-accordion-item-title" data-accordion-index="2" tabindex="-1" aria-expanded="false" aria-controls="e-n-accordion-item-1711" >
					<span class='e-n-accordion-item-title-header'><div class="e-n-accordion-item-title-text"> How does technology help in monitoring noise pollution? </div></span>
							<span class='e-n-accordion-item-title-icon'>
			<span class='e-opened' ><svg aria-hidden="true" class="e-font-icon-svg e-fas-minus" viewBox="0 0 448 512" xmlns="http://www.w3.org/2000/svg"><path d="M416 208H32c-17.67 0-32 14.33-32 32v32c0 17.67 14.33 32 32 32h384c17.67 0 32-14.33 32-32v-32c0-17.67-14.33-32-32-32z"></path></svg></span>
			<span class='e-closed'><svg aria-hidden="true" class="e-font-icon-svg e-fas-plus" viewBox="0 0 448 512" xmlns="http://www.w3.org/2000/svg"><path d="M416 208H272V64c0-17.67-14.33-32-32-32h-32c-17.67 0-32 14.33-32 32v144H32c-17.67 0-32 14.33-32 32v32c0 17.67 14.33 32 32 32h144v144c0 17.67 14.33 32 32 32h32c17.67 0 32-14.33 32-32V304h144c17.67 0 32-14.33 32-32v-32c0-17.67-14.33-32-32-32z"></path></svg></span>
		</span>

						</summary>
				<div role="region" aria-labelledby="e-n-accordion-item-1711" class="elementor-element elementor-element-de12d2e e-con-full e-flex e-con e-child" data-id="de12d2e" data-element_type="container">
		<div role="region" aria-labelledby="e-n-accordion-item-1711" class="elementor-element elementor-element-77c1780 e-flex e-con-boxed e-con e-child" data-id="77c1780" data-element_type="container">
					<div class="e-con-inner">
				<div class="elementor-element elementor-element-3b6f38b elementor-widget elementor-widget-text-editor" data-id="3b6f38b" data-element_type="widget" data-widget_type="text-editor.default">
				<div class="elementor-widget-container">
									<p>Technology helps monitor noise pollution through advanced sensors, data analytics, and real-time monitoring systems. These innovations enable accurate data collection, analysis, and swift response to pollution incidents, aiding in effective management.</p>								</div>
				</div>
					</div>
				</div>
				</div>
					</details>
						<details id="e-n-accordion-item-1712" class="e-n-accordion-item" >
				<summary class="e-n-accordion-item-title" data-accordion-index="3" tabindex="-1" aria-expanded="false" aria-controls="e-n-accordion-item-1712" >
					<span class='e-n-accordion-item-title-header'><div class="e-n-accordion-item-title-text"> What are some applications of technology in noise pollution management? </div></span>
							<span class='e-n-accordion-item-title-icon'>
			<span class='e-opened' ><svg aria-hidden="true" class="e-font-icon-svg e-fas-minus" viewBox="0 0 448 512" xmlns="http://www.w3.org/2000/svg"><path d="M416 208H32c-17.67 0-32 14.33-32 32v32c0 17.67 14.33 32 32 32h384c17.67 0 32-14.33 32-32v-32c0-17.67-14.33-32-32-32z"></path></svg></span>
			<span class='e-closed'><svg aria-hidden="true" class="e-font-icon-svg e-fas-plus" viewBox="0 0 448 512" xmlns="http://www.w3.org/2000/svg"><path d="M416 208H272V64c0-17.67-14.33-32-32-32h-32c-17.67 0-32 14.33-32 32v144H32c-17.67 0-32 14.33-32 32v32c0 17.67 14.33 32 32 32h144v144c0 17.67 14.33 32 32 32h32c17.67 0 32-14.33 32-32V304h144c17.67 0 32-14.33 32-32v-32c0-17.67-14.33-32-32-32z"></path></svg></span>
		</span>

						</summary>
				<div role="region" aria-labelledby="e-n-accordion-item-1712" class="elementor-element elementor-element-7edbf75 e-con-full e-flex e-con e-child" data-id="7edbf75" data-element_type="container">
		<div role="region" aria-labelledby="e-n-accordion-item-1712" class="elementor-element elementor-element-e8509b8 e-flex e-con-boxed e-con e-child" data-id="e8509b8" data-element_type="container">
					<div class="e-con-inner">
				<div class="elementor-element elementor-element-d3fce5e elementor-widget elementor-widget-text-editor" data-id="d3fce5e" data-element_type="widget" data-widget_type="text-editor.default">
				<div class="elementor-widget-container">
									<p>Technology is used in urban planning, transportation management, and community engagement to mitigate pollution. Solutions include zoning regulations, noise-reducing road surfaces, quieter vehicle designs, and public awareness platforms.</p>								</div>
				</div>
					</div>
				</div>
				</div>
					</details>
						<details id="e-n-accordion-item-1713" class="e-n-accordion-item" >
				<summary class="e-n-accordion-item-title" data-accordion-index="4" tabindex="-1" aria-expanded="false" aria-controls="e-n-accordion-item-1713" >
					<span class='e-n-accordion-item-title-header'><div class="e-n-accordion-item-title-text"> What does the future hold for noise pollution monitoring? </div></span>
							<span class='e-n-accordion-item-title-icon'>
			<span class='e-opened' ><svg aria-hidden="true" class="e-font-icon-svg e-fas-minus" viewBox="0 0 448 512" xmlns="http://www.w3.org/2000/svg"><path d="M416 208H32c-17.67 0-32 14.33-32 32v32c0 17.67 14.33 32 32 32h384c17.67 0 32-14.33 32-32v-32c0-17.67-14.33-32-32-32z"></path></svg></span>
			<span class='e-closed'><svg aria-hidden="true" class="e-font-icon-svg e-fas-plus" viewBox="0 0 448 512" xmlns="http://www.w3.org/2000/svg"><path d="M416 208H272V64c0-17.67-14.33-32-32-32h-32c-17.67 0-32 14.33-32 32v144H32c-17.67 0-32 14.33-32 32v32c0 17.67 14.33 32 32 32h144v144c0 17.67 14.33 32 32 32h32c17.67 0 32-14.33 32-32V304h144c17.67 0 32-14.33 32-32v-32c0-17.67-14.33-32-32-32z"></path></svg></span>
		</span>

						</summary>
				<div role="region" aria-labelledby="e-n-accordion-item-1713" class="elementor-element elementor-element-0fd6b82 e-flex e-con-boxed e-con e-child" data-id="0fd6b82" data-element_type="container">
					<div class="e-con-inner">
		<div role="region" aria-labelledby="e-n-accordion-item-1713" class="elementor-element elementor-element-df3de20 e-con-full e-flex e-con e-child" data-id="df3de20" data-element_type="container">
				<div class="elementor-element elementor-element-aa96d87 elementor-widget elementor-widget-text-editor" data-id="aa96d87" data-element_type="widget" data-widget_type="text-editor.default">
				<div class="elementor-widget-container">
									<p>The future of noise pollution monitoring looks promising with emerging technologies like artificial intelligence, drones, and smart city infrastructures. These advancements will enhance our ability to monitor and manage pollution more efficiently and effectively.</p>								</div>
				</div>
				</div>
					</div>
				</div>
					</details>
					</div>
						</div>
				</div>
					</div>
				</div>
				</div>
		]]></content:encoded>
					
					<wfw:commentRss>/tackling-noise-pollution-monitoring-in-2025/feed/</wfw:commentRss>
			<slash:comments>0</slash:comments>
		
		
			</item>
	</channel>
</rss>
