<?xml version="1.0" encoding="UTF-8"?><rss version="2.0"
	xmlns:content="http://purl.org/rss/1.0/modules/content/"
	xmlns:dc="http://purl.org/dc/elements/1.1/"
	xmlns:atom="http://www.w3.org/2005/Atom"
	xmlns:sy="http://purl.org/rss/1.0/modules/syndication/"
	
	>
<channel>
	<title>
	Comments on: Costco is pushing back — hard — against the anti-DEI movement	</title>
	<atom:link href="/costco-push-back-hard-against-the-anti-dei-movement/feed/" rel="self" type="application/rss+xml" />
	<link>/costco-push-back-hard-against-the-anti-dei-movement/</link>
	<description></description>
	<lastBuildDate>Sat, 28 Dec 2024 11:09:09 +0000</lastBuildDate>
	<sy:updatePeriod>
	hourly	</sy:updatePeriod>
	<sy:updateFrequency>
	1	</sy:updateFrequency>
	<generator>https://wordpress.org/?v=6.7.1</generator>
</channel>
</rss>
