<?xml version="1.0" encoding="UTF-8"?><rss version="2.0"
	xmlns:content="http://purl.org/rss/1.0/modules/content/"
	xmlns:dc="http://purl.org/dc/elements/1.1/"
	xmlns:atom="http://www.w3.org/2005/Atom"
	xmlns:sy="http://purl.org/rss/1.0/modules/syndication/"
	
	>
<channel>
	<title>
	Comments on: 5 Gravel Bike Trends We Expect to See in 2025	</title>
	<atom:link href="/5-gravel-bike-trends-we-expect-to-see-in-2025/feed/" rel="self" type="application/rss+xml" />
	<link>/5-gravel-bike-trends-we-expect-to-see-in-2025/</link>
	<description></description>
	<lastBuildDate>Sat, 28 Dec 2024 15:28:57 +0000</lastBuildDate>
	<sy:updatePeriod>
	hourly	</sy:updatePeriod>
	<sy:updateFrequency>
	1	</sy:updateFrequency>
	<generator>https://wordpress.org/?v=6.7.1</generator>
</channel>
</rss>
