<?xml version="1.0" encoding="UTF-8"?><rss version="2.0"
	xmlns:content="http://purl.org/rss/1.0/modules/content/"
	xmlns:dc="http://purl.org/dc/elements/1.1/"
	xmlns:atom="http://www.w3.org/2005/Atom"
	xmlns:sy="http://purl.org/rss/1.0/modules/syndication/"
	
	>
<channel>
	<title>
	Comments on: Tackling Noise: Technology Integration for Improved Noise Pollution Monitoring	</title>
	<atom:link href="/tackling-noise-pollution-monitoring-in-2025/feed/" rel="self" type="application/rss+xml" />
	<link>/tackling-noise-pollution-monitoring-in-2025/</link>
	<description></description>
	<lastBuildDate>Sat, 28 Dec 2024 16:56:36 +0000</lastBuildDate>
	<sy:updatePeriod>
	hourly	</sy:updatePeriod>
	<sy:updateFrequency>
	1	</sy:updateFrequency>
	<generator>https://wordpress.org/?v=6.7.1</generator>
</channel>
</rss>
