<?xml version="1.0" encoding="UTF-8"?><rss version="2.0"
	xmlns:content="http://purl.org/rss/1.0/modules/content/"
	xmlns:dc="http://purl.org/dc/elements/1.1/"
	xmlns:atom="http://www.w3.org/2005/Atom"
	xmlns:sy="http://purl.org/rss/1.0/modules/syndication/"
	
	>
<channel>
	<title>
	Comments on: Exciting Starbucks Strike Expands Nationwide on Christmas Eve	</title>
	<atom:link href="/starbucks-strike-expands-to-nationwide-on-christmas/feed/" rel="self" type="application/rss+xml" />
	<link>/starbucks-strike-expands-to-nationwide-on-christmas/</link>
	<description></description>
	<lastBuildDate>Fri, 27 Dec 2024 15:03:28 +0000</lastBuildDate>
	<sy:updatePeriod>
	hourly	</sy:updatePeriod>
	<sy:updateFrequency>
	1	</sy:updateFrequency>
	<generator>https://wordpress.org/?v=6.7.1</generator>
</channel>
</rss>
