<?xml version="1.0" encoding="UTF-8"?><rss version="2.0"
	xmlns:content="http://purl.org/rss/1.0/modules/content/"
	xmlns:wfw="http://wellformedweb.org/CommentAPI/"
	xmlns:dc="http://purl.org/dc/elements/1.1/"
	xmlns:atom="http://www.w3.org/2005/Atom"
	xmlns:sy="http://purl.org/rss/1.0/modules/syndication/"
	xmlns:slash="http://purl.org/rss/1.0/modules/slash/"
	>

<channel>
	<title>Politics &#8211; BBITBLOG</title>
	<atom:link href="/category/politics/feed/" rel="self" type="application/rss+xml" />
	<link>/</link>
	<description></description>
	<lastBuildDate>Sat, 28 Dec 2024 18:52:32 +0000</lastBuildDate>
	<language>en-US</language>
	<sy:updatePeriod>
	hourly	</sy:updatePeriod>
	<sy:updateFrequency>
	1	</sy:updateFrequency>
	<generator>https://wordpress.org/?v=6.7.1</generator>

<image>
	<url>/wp-content/uploads/2024/12/download-150x150.png</url>
	<title>Politics &#8211; BBITBLOG</title>
	<link>/</link>
	<width>32</width>
	<height>32</height>
</image> 
	<item>
		<title>Balancing Diplomacy and Strength in Global Politics</title>
		<link>/balancing-diplomacy-and-strength-in-global-politics/</link>
					<comments>/balancing-diplomacy-and-strength-in-global-politics/#respond</comments>
		
		<dc:creator><![CDATA[BBIT]]></dc:creator>
		<pubDate>Sat, 28 Dec 2024 17:59:29 +0000</pubDate>
				<category><![CDATA[Politics]]></category>
		<category><![CDATA[DiplomacyAndStrength]]></category>
		<category><![CDATA[GlobalDiplomacy]]></category>
		<category><![CDATA[GlobalPolitics]]></category>
		<category><![CDATA[InternationalRelations]]></category>
		<category><![CDATA[PoliticalStrength]]></category>
		<guid isPermaLink="false">/?p=244</guid>

					<description><![CDATA[In the intricate web of global politics, the delicate balance between diplomacy and strength is crucial for maintaining international stability [&#8230;]]]></description>
										<content:encoded><![CDATA[		<div data-elementor-type="wp-post" data-elementor-id="244" class="elementor elementor-244">
				<div class="elementor-element elementor-element-c2a0a2f e-flex e-con-boxed e-con e-parent" data-id="c2a0a2f" data-element_type="container">
					<div class="e-con-inner">
				<div class="elementor-element elementor-element-f88aa0d elementor-widget elementor-widget-text-editor" data-id="f88aa0d" data-element_type="widget" data-widget_type="text-editor.default">
				<div class="elementor-widget-container">
									<p>In the intricate web of global politics, the delicate balance between diplomacy and strength is crucial for maintaining international stability and fostering cooperation among nations. Diplomacy, the art of negotiating and managing international relations, plays a vital role in resolving conflicts, building alliances, and promoting peace. However, the effective use of strength, whether military, economic, or political, is equally important in ensuring that diplomatic efforts are respected and successful. </p>								</div>
				</div>
					</div>
				</div>
		<div class="elementor-element elementor-element-c1bef20 e-flex e-con-boxed e-con e-parent" data-id="c1bef20" data-element_type="container">
					<div class="e-con-inner">
				<div class="elementor-element elementor-element-7080317 elementor-widget elementor-widget-image" data-id="7080317" data-element_type="widget" data-widget_type="image.default">
				<div class="elementor-widget-container">
															<img fetchpriority="high" decoding="async" width="259" height="194" src="/wp-content/uploads/2024/12/last-1.jpeg" class="attachment-large size-large wp-image-245" alt="diplomacy" />															</div>
				</div>
					</div>
				</div>
		<div class="elementor-element elementor-element-ff0f3ca e-flex e-con-boxed e-con e-parent" data-id="ff0f3ca" data-element_type="container">
					<div class="e-con-inner">
				<div class="elementor-element elementor-element-92fb8a3 elementor-widget elementor-widget-heading" data-id="92fb8a3" data-element_type="widget" data-widget_type="heading.default">
				<div class="elementor-widget-container">
					<h2 class="elementor-heading-title elementor-size-default">The Role of Diplomacy in Global Politics</h2>				</div>
				</div>
					</div>
				</div>
		<div class="elementor-element elementor-element-a4f6b28 e-flex e-con-boxed e-con e-parent" data-id="a4f6b28" data-element_type="container">
					<div class="e-con-inner">
				<div class="elementor-element elementor-element-28ba3a4 elementor-widget elementor-widget-text-editor" data-id="28ba3a4" data-element_type="widget" data-widget_type="text-editor.default">
				<div class="elementor-widget-container">
									<p>Diplomacy is the cornerstone of international relations, providing a platform for dialogue, negotiation, and conflict resolution. Through diplomatic channels, nations can address their differences, find common ground, and work together to tackle global challenges such as climate change, terrorism, and economic inequality. It fosters mutual understanding and trust, which are essential for building long-lasting partnerships and preventing conflicts. It also allows countries to project their values and interests on the global stage, shaping international norms and policies.</p>								</div>
				</div>
					</div>
				</div>
		<div class="elementor-element elementor-element-eadb68d e-flex e-con-boxed e-con e-parent" data-id="eadb68d" data-element_type="container">
					<div class="e-con-inner">
				<div class="elementor-element elementor-element-12d78c7 elementor-widget elementor-widget-heading" data-id="12d78c7" data-element_type="widget" data-widget_type="heading.default">
				<div class="elementor-widget-container">
					<h2 class="elementor-heading-title elementor-size-default">The Importance of Strength in Global Politics</h2>				</div>
				</div>
					</div>
				</div>
		<div class="elementor-element elementor-element-09894aa e-flex e-con-boxed e-con e-parent" data-id="09894aa" data-element_type="container">
					<div class="e-con-inner">
				<div class="elementor-element elementor-element-9d50bc2 elementor-widget elementor-widget-text-editor" data-id="9d50bc2" data-element_type="widget" data-widget_type="text-editor.default">
				<div class="elementor-widget-container">
									<p>While diplomacy is essential for maintaining peaceful relations, the effective use of strength is necessary to ensure that diplomatic efforts are taken seriously. Strength can manifest in various forms, including military power, economic influence, and <a href="/the-art-of-political-leadership-in-modern-times/" target="_blank" rel="noopener">political leverage</a>. A nation&#8217;s military capabilities can serve as a deterrent against potential aggressors, while economic strength can provide leverage in trade negotiations and international agreements. Political strength, on the other hand, can enhance a country&#8217;s ability to shape global agendas and influence decision-making processes in international organizations.</p>								</div>
				</div>
					</div>
				</div>
		<div class="elementor-element elementor-element-80a5438 e-flex e-con-boxed e-con e-parent" data-id="80a5438" data-element_type="container">
					<div class="e-con-inner">
				<div class="elementor-element elementor-element-2b4c024 elementor-widget elementor-widget-image" data-id="2b4c024" data-element_type="widget" data-widget_type="image.default">
				<div class="elementor-widget-container">
															<img decoding="async" width="275" height="183" src="/wp-content/uploads/2024/12/last-2.jpeg" class="attachment-large size-large wp-image-246" alt="" />															</div>
				</div>
					</div>
				</div>
		<div class="elementor-element elementor-element-c5df5da e-flex e-con-boxed e-con e-parent" data-id="c5df5da" data-element_type="container">
					<div class="e-con-inner">
				<div class="elementor-element elementor-element-38d2330 elementor-widget elementor-widget-text-editor" data-id="38d2330" data-element_type="widget" data-widget_type="text-editor.default">
				<div class="elementor-widget-container">
									<p>The key to successful global politics lies in finding the right balance between diplomacy and strength. Over-reliance on either approach can lead to undesirable outcomes. Excessive use of strength can result in conflicts, economic sanctions, and strained relations. Therefore, it is crucial for countries to strike a balance that allows them to pursue their interests effectively while maintaining peaceful and cooperative relations with other nations.</p>								</div>
				</div>
					</div>
				</div>
		<div class="elementor-element elementor-element-5f58478 e-flex e-con-boxed e-con e-parent" data-id="5f58478" data-element_type="container">
					<div class="e-con-inner">
				<div class="elementor-element elementor-element-b319725 elementor-widget elementor-widget-heading" data-id="b319725" data-element_type="widget" data-widget_type="heading.default">
				<div class="elementor-widget-container">
					<h2 class="elementor-heading-title elementor-size-default">Case Studies: Balancing Diplomacy and Strength</h2>				</div>
				</div>
					</div>
				</div>
		<div class="elementor-element elementor-element-a92e01b e-flex e-con-boxed e-con e-parent" data-id="a92e01b" data-element_type="container">
					<div class="e-con-inner">
				<div class="elementor-element elementor-element-933703e elementor-widget elementor-widget-text-editor" data-id="933703e" data-element_type="widget" data-widget_type="text-editor.default">
				<div class="elementor-widget-container">
									<p>Several historical and contemporary examples illustrate the importance of balancing diplomacy and strength in global politics. One notable example is the Cold War, during which the United States and the Soviet Union engaged in a delicate dance. Both superpowers maintained a formidable military presence while engaging in diplomatic negotiations to prevent the escalation of conflicts. The Cuban Missile Crisis of 1962 is a prime example of how diplomacy and strength were used in tandem to avert a nuclear catastrophe.</p><p>In more recent times, the Iran nuclear deal (Joint Comprehensive Plan of Action) demonstrates the interplay between diplomacy and strength. The agreement, reached in 2015, involved extensive diplomatic negotiations between Iran and the P5+1 countries (China, France, Russia, the United Kingdom, the United States, and Germany). The deal aimed to prevent Iran from developing nuclear weapons in exchange for the lifting of economic sanctions. The success of the agreement hinged on the combination of diplomatic efforts and the economic strength of the participating nations.</p>								</div>
				</div>
					</div>
				</div>
		<div class="elementor-element elementor-element-cc13632 e-flex e-con-boxed e-con e-parent" data-id="cc13632" data-element_type="container">
					<div class="e-con-inner">
				<div class="elementor-element elementor-element-f4bb53d elementor-widget elementor-widget-html" data-id="f4bb53d" data-element_type="widget" data-widget_type="html.default">
				<div class="elementor-widget-container">
					<iframe width="560" height="315" src="https://www.youtube.com/embed/8NiTy-St6ic?si=4OQEFkJqY-HQVzMc" title="YouTube video player" frameborder="0" allow="accelerometer; autoplay; clipboard-write; encrypted-media; gyroscope; picture-in-picture; web-share" referrerpolicy="strict-origin-when-cross-origin" allowfullscreen></iframe>				</div>
				</div>
					</div>
				</div>
		<div class="elementor-element elementor-element-0abdbf9 e-flex e-con-boxed e-con e-parent" data-id="0abdbf9" data-element_type="container">
					<div class="e-con-inner">
				<div class="elementor-element elementor-element-5520842 elementor-widget elementor-widget-heading" data-id="5520842" data-element_type="widget" data-widget_type="heading.default">
				<div class="elementor-widget-container">
					<h2 class="elementor-heading-title elementor-size-default">Challenges and Opportunities</h2>				</div>
				</div>
					</div>
				</div>
		<div class="elementor-element elementor-element-e653e51 e-flex e-con-boxed e-con e-parent" data-id="e653e51" data-element_type="container">
					<div class="e-con-inner">
				<div class="elementor-element elementor-element-515a8f0 elementor-widget elementor-widget-text-editor" data-id="515a8f0" data-element_type="widget" data-widget_type="text-editor.default">
				<div class="elementor-widget-container">
									<p><a style="font-family: var( --e-global-typography-text-font-family ), Sans-serif; font-weight: var( --e-global-typography-text-font-weight ); text-align: var(--text-align); font-size: 1rem;" href="https://commons.ungeneva.org/node/95" target="_blank" rel="noopener">Balancing diplomacy</a> and strength in global politics is not without its challenges. The rise of non-state actors, cyber threats, and shifting geopolitical dynamics complicate the traditional approaches to international relations. Additionally, the increasing interconnectedness of the global economy means that actions taken by one nation can have far-reaching consequences for others. However, these challenges also present opportunities for innovative approaches. Multilateralism, regional cooperation, and the use of technology are some of the ways countries can navigate the complexities of modern global politics.</p>								</div>
				</div>
					</div>
				</div>
		<div class="elementor-element elementor-element-5b13095 e-flex e-con-boxed e-con e-parent" data-id="5b13095" data-element_type="container">
					<div class="e-con-inner">
				<div class="elementor-element elementor-element-bff22b9 elementor-widget elementor-widget-heading" data-id="bff22b9" data-element_type="widget" data-widget_type="heading.default">
				<div class="elementor-widget-container">
					<h2 class="elementor-heading-title elementor-size-default">Conclusion</h2>				</div>
				</div>
					</div>
				</div>
		<div class="elementor-element elementor-element-0c06cb3 e-flex e-con-boxed e-con e-parent" data-id="0c06cb3" data-element_type="container">
					<div class="e-con-inner">
				<div class="elementor-element elementor-element-250c30e elementor-widget elementor-widget-text-editor" data-id="250c30e" data-element_type="widget" data-widget_type="text-editor.default">
				<div class="elementor-widget-container">
									<p>In conclusion, the balance between diplomacy and strength is essential for effective global politics. It provides the means for peaceful negotiation and conflict resolution, while strength ensures that diplomatic efforts are respected and successful. By finding the right balance, nations can navigate the complexities of the modern world, address global challenges, and promote international stability and cooperation. </p>								</div>
				</div>
					</div>
				</div>
		<div class="elementor-element elementor-element-b6ea019 e-flex e-con-boxed e-con e-parent" data-id="b6ea019" data-element_type="container">
					<div class="e-con-inner">
				<div class="elementor-element elementor-element-5f7eba8 elementor-widget elementor-widget-n-accordion" data-id="5f7eba8" data-element_type="widget" data-settings="{&quot;default_state&quot;:&quot;expanded&quot;,&quot;max_items_expended&quot;:&quot;one&quot;,&quot;n_accordion_animation_duration&quot;:{&quot;unit&quot;:&quot;ms&quot;,&quot;size&quot;:400,&quot;sizes&quot;:[]}}" data-widget_type="nested-accordion.default">
				<div class="elementor-widget-container">
							<div class="e-n-accordion" aria-label="Accordion. Open links with Enter or Space, close with Escape, and navigate with Arrow Keys">
						<details id="e-n-accordion-item-1000" class="e-n-accordion-item" open>
				<summary class="e-n-accordion-item-title" data-accordion-index="1" tabindex="0" aria-expanded="true" aria-controls="e-n-accordion-item-1000" >
					<span class='e-n-accordion-item-title-header'><div class="e-n-accordion-item-title-text"> . Why is balancing diplomacy and strength important in global politics? </div></span>
							<span class='e-n-accordion-item-title-icon'>
			<span class='e-opened' ><svg aria-hidden="true" class="e-font-icon-svg e-fas-minus" viewBox="0 0 448 512" xmlns="http://www.w3.org/2000/svg"><path d="M416 208H32c-17.67 0-32 14.33-32 32v32c0 17.67 14.33 32 32 32h384c17.67 0 32-14.33 32-32v-32c0-17.67-14.33-32-32-32z"></path></svg></span>
			<span class='e-closed'><svg aria-hidden="true" class="e-font-icon-svg e-fas-plus" viewBox="0 0 448 512" xmlns="http://www.w3.org/2000/svg"><path d="M416 208H272V64c0-17.67-14.33-32-32-32h-32c-17.67 0-32 14.33-32 32v144H32c-17.67 0-32 14.33-32 32v32c0 17.67 14.33 32 32 32h144v144c0 17.67 14.33 32 32 32h32c17.67 0 32-14.33 32-32V304h144c17.67 0 32-14.33 32-32v-32c0-17.67-14.33-32-32-32z"></path></svg></span>
		</span>

						</summary>
				<div role="region" aria-labelledby="e-n-accordion-item-1000" class="elementor-element elementor-element-42f0b16 e-con-full e-flex e-con e-child" data-id="42f0b16" data-element_type="container">
		<div role="region" aria-labelledby="e-n-accordion-item-1000" class="elementor-element elementor-element-7011f3f e-flex e-con-boxed e-con e-child" data-id="7011f3f" data-element_type="container">
					<div class="e-con-inner">
				<div class="elementor-element elementor-element-3820f88 elementor-widget elementor-widget-text-editor" data-id="3820f88" data-element_type="widget" data-widget_type="text-editor.default">
				<div class="elementor-widget-container">
									<p>Balancing diplomacy and strength is important because it allows nations to pursue their interests effectively while maintaining peaceful and cooperative relations with other countries. Over-reliance on either approach can lead to conflicts or vulnerability to coercion.</p>								</div>
				</div>
					</div>
				</div>
				</div>
					</details>
						<details id="e-n-accordion-item-1001" class="e-n-accordion-item" >
				<summary class="e-n-accordion-item-title" data-accordion-index="2" tabindex="-1" aria-expanded="false" aria-controls="e-n-accordion-item-1001" >
					<span class='e-n-accordion-item-title-header'><div class="e-n-accordion-item-title-text"> How does strength complement diplomacy in international relations? </div></span>
							<span class='e-n-accordion-item-title-icon'>
			<span class='e-opened' ><svg aria-hidden="true" class="e-font-icon-svg e-fas-minus" viewBox="0 0 448 512" xmlns="http://www.w3.org/2000/svg"><path d="M416 208H32c-17.67 0-32 14.33-32 32v32c0 17.67 14.33 32 32 32h384c17.67 0 32-14.33 32-32v-32c0-17.67-14.33-32-32-32z"></path></svg></span>
			<span class='e-closed'><svg aria-hidden="true" class="e-font-icon-svg e-fas-plus" viewBox="0 0 448 512" xmlns="http://www.w3.org/2000/svg"><path d="M416 208H272V64c0-17.67-14.33-32-32-32h-32c-17.67 0-32 14.33-32 32v144H32c-17.67 0-32 14.33-32 32v32c0 17.67 14.33 32 32 32h144v144c0 17.67 14.33 32 32 32h32c17.67 0 32-14.33 32-32V304h144c17.67 0 32-14.33 32-32v-32c0-17.67-14.33-32-32-32z"></path></svg></span>
		</span>

						</summary>
				<div role="region" aria-labelledby="e-n-accordion-item-1001" class="elementor-element elementor-element-65fd98f e-con-full e-flex e-con e-child" data-id="65fd98f" data-element_type="container">
		<div role="region" aria-labelledby="e-n-accordion-item-1001" class="elementor-element elementor-element-5e1cc57 e-flex e-con-boxed e-con e-child" data-id="5e1cc57" data-element_type="container">
					<div class="e-con-inner">
				<div class="elementor-element elementor-element-1b3c7c9 elementor-widget elementor-widget-text-editor" data-id="1b3c7c9" data-element_type="widget" data-widget_type="text-editor.default">
				<div class="elementor-widget-container">
									<p>Strength complements diplomacy by ensuring that diplomatic efforts are taken seriously. Military power, economic influence, and political leverage can serve as deterrents, provide negotiation leverage, and enhance a country&#8217;s ability to shape global agendas.</p>								</div>
				</div>
					</div>
				</div>
				</div>
					</details>
						<details id="e-n-accordion-item-1002" class="e-n-accordion-item" >
				<summary class="e-n-accordion-item-title" data-accordion-index="3" tabindex="-1" aria-expanded="false" aria-controls="e-n-accordion-item-1002" >
					<span class='e-n-accordion-item-title-header'><div class="e-n-accordion-item-title-text"> Can you provide an example of successful diplomacy and strength balance? </div></span>
							<span class='e-n-accordion-item-title-icon'>
			<span class='e-opened' ><svg aria-hidden="true" class="e-font-icon-svg e-fas-minus" viewBox="0 0 448 512" xmlns="http://www.w3.org/2000/svg"><path d="M416 208H32c-17.67 0-32 14.33-32 32v32c0 17.67 14.33 32 32 32h384c17.67 0 32-14.33 32-32v-32c0-17.67-14.33-32-32-32z"></path></svg></span>
			<span class='e-closed'><svg aria-hidden="true" class="e-font-icon-svg e-fas-plus" viewBox="0 0 448 512" xmlns="http://www.w3.org/2000/svg"><path d="M416 208H272V64c0-17.67-14.33-32-32-32h-32c-17.67 0-32 14.33-32 32v144H32c-17.67 0-32 14.33-32 32v32c0 17.67 14.33 32 32 32h144v144c0 17.67 14.33 32 32 32h32c17.67 0 32-14.33 32-32V304h144c17.67 0 32-14.33 32-32v-32c0-17.67-14.33-32-32-32z"></path></svg></span>
		</span>

						</summary>
				<div role="region" aria-labelledby="e-n-accordion-item-1002" class="elementor-element elementor-element-d52d69e e-con-full e-flex e-con e-child" data-id="d52d69e" data-element_type="container">
		<div role="region" aria-labelledby="e-n-accordion-item-1002" class="elementor-element elementor-element-c21ec95 e-flex e-con-boxed e-con e-child" data-id="c21ec95" data-element_type="container">
					<div class="e-con-inner">
				<div class="elementor-element elementor-element-88699f8 elementor-widget elementor-widget-text-editor" data-id="88699f8" data-element_type="widget" data-widget_type="text-editor.default">
				<div class="elementor-widget-container">
									<p>The Iran nuclear deal (Joint Comprehensive Plan of Action) is an example of successful diplomacy and strength balance. The agreement involved extensive diplomatic negotiations and the economic strength of participating nations to prevent Iran from developing nuclear weapons in exchange for lifting economic sanctions.</p>								</div>
				</div>
					</div>
				</div>
				</div>
					</details>
					</div>
						</div>
				</div>
					</div>
				</div>
				</div>
		]]></content:encoded>
					
					<wfw:commentRss>/balancing-diplomacy-and-strength-in-global-politics/feed/</wfw:commentRss>
			<slash:comments>0</slash:comments>
		
		
			</item>
		<item>
		<title>The Art of Political Leadership in Modern Times</title>
		<link>/the-art-of-political-leadership-in-modern-times/</link>
					<comments>/the-art-of-political-leadership-in-modern-times/#respond</comments>
		
		<dc:creator><![CDATA[BBIT]]></dc:creator>
		<pubDate>Sat, 28 Dec 2024 17:11:31 +0000</pubDate>
				<category><![CDATA[Politics]]></category>
		<category><![CDATA[GlobalPolitics]]></category>
		<category><![CDATA[LeadershipStrategies]]></category>
		<category><![CDATA[ModernGovernance]]></category>
		<category><![CDATA[ModernLeadershipArt]]></category>
		<category><![CDATA[PoliticalLeadership]]></category>
		<guid isPermaLink="false">/?p=234</guid>

					<description><![CDATA[The Art of Political Leadership in Modern Times The art of political leadership in modern times is a complex and [&#8230;]]]></description>
										<content:encoded><![CDATA[		<div data-elementor-type="wp-post" data-elementor-id="234" class="elementor elementor-234">
				<div class="elementor-element elementor-element-08f798b e-flex e-con-boxed e-con e-parent" data-id="08f798b" data-element_type="container">
					<div class="e-con-inner">
				<div class="elementor-element elementor-element-1b9a989 elementor-widget elementor-widget-heading" data-id="1b9a989" data-element_type="widget" data-widget_type="heading.default">
				<div class="elementor-widget-container">
					<h2 class="elementor-heading-title elementor-size-default">The Art of Political Leadership in Modern Times</h2>				</div>
				</div>
					</div>
				</div>
		<div class="elementor-element elementor-element-240d2da e-flex e-con-boxed e-con e-parent" data-id="240d2da" data-element_type="container">
					<div class="e-con-inner">
				<div class="elementor-element elementor-element-02b1b27 elementor-widget elementor-widget-text-editor" data-id="02b1b27" data-element_type="widget" data-widget_type="text-editor.default">
				<div class="elementor-widget-container">
									<div tabindex="0" role="article" data-tabster="{&quot;groupper&quot;:{&quot;tabbability&quot;:2},&quot;focusable&quot;:{}}" data-content="ai-message" aria-labelledby="WsGUEUBTTjo1S9UC37D3P-author} WsGUEUBTTjo1S9UC37D3P-content-0"><div id="WsGUEUBTTjo1S9UC37D3P-content-0"><p>The art of political leadership in modern times is a complex and multifaceted endeavor, requiring a delicate balance of vision, empathy, and strategic acumen. Today&#8217;s political leaders must navigate an increasingly interconnected and rapidly changing world, where the challenges are as diverse as they are daunting. From addressing climate change and economic inequality to managing global health crises and technological advancements, modern political leaders must be adept at understanding and responding to the needs and aspirations of their constituents. This requires not only a deep understanding of policy and governance but also the ability to communicate effectively, build consensus, and inspire collective action.</p><p>In addition to these traditional skills, modern political leaders must also be adept at leveraging technology and social media to engage with the public and shape public opinion. The rise of digital platforms has transformed the way political leaders connect with their constituents, allowing for more direct and immediate communication. However, this also comes with the challenge of navigating misinformation and maintaining credibility in an era of information overload. Effective political leadership in modern times, therefore, requires a keen awareness of the digital landscape and the ability to harness its potential while mitigating its risks. Ultimately, the art of political leadership today is about being adaptable, forward-thinking, and deeply attuned to the evolving needs of society.</p></div></div><p> </p>								</div>
				</div>
					</div>
				</div>
		<div class="elementor-element elementor-element-d16e465 e-flex e-con-boxed e-con e-parent" data-id="d16e465" data-element_type="container">
					<div class="e-con-inner">
				<div class="elementor-element elementor-element-6b0285e elementor-widget elementor-widget-image" data-id="6b0285e" data-element_type="widget" data-widget_type="image.default">
				<div class="elementor-widget-container">
															<img decoding="async" width="300" height="168" src="/wp-content/uploads/2024/12/po-2.jpeg" class="attachment-large size-large wp-image-238" alt="leadership" />															</div>
				</div>
					</div>
				</div>
		<div class="elementor-element elementor-element-b87e65f e-flex e-con-boxed e-con e-parent" data-id="b87e65f" data-element_type="container">
					<div class="e-con-inner">
				<div class="elementor-element elementor-element-7e5aff7 elementor-widget elementor-widget-text-editor" data-id="7e5aff7" data-element_type="widget" data-widget_type="text-editor.default">
				<div class="elementor-widget-container">
									<p>Leadership in politics is an intricate art, blending vision, strategy, and communication. It is not merely about managing policies or making decisions; it is about crafting a narrative and leading with purpose. The art of political leadership is especially evident when bold decisions shape the future of a nation. It is through this art that leaders leave a lasting legacy, influencing the course of history.</p>								</div>
				</div>
					</div>
				</div>
		<div class="elementor-element elementor-element-2d284c5 e-flex e-con-boxed e-con e-parent" data-id="2d284c5" data-element_type="container">
					<div class="e-con-inner">
				<div class="elementor-element elementor-element-42fab1f elementor-widget elementor-widget-heading" data-id="42fab1f" data-element_type="widget" data-widget_type="heading.default">
				<div class="elementor-widget-container">
					<h2 class="elementor-heading-title elementor-size-default">The Art of Visionary Thinking</h2>				</div>
				</div>
					</div>
				</div>
		<div class="elementor-element elementor-element-efe5107 e-flex e-con-boxed e-con e-parent" data-id="efe5107" data-element_type="container">
					<div class="e-con-inner">
				<div class="elementor-element elementor-element-aa010d7 elementor-widget elementor-widget-text-editor" data-id="aa010d7" data-element_type="widget" data-widget_type="text-editor.default">
				<div class="elementor-widget-container">
									<p>The foundation of political leadership lies in the art of visionary thinking. This involves the ability to anticipate challenges, recognize opportunities, and develop strategies that address both. Visionary leaders practice the art of seeing beyond the immediate, understanding the broader implications of their decisions. They craft policies that not only solve present problems but also set the stage for long-term growth and stability.</p><p>This art is evident in historical moments where leaders introduced groundbreaking reforms. These were not random acts but carefully crafted visions brought to life. The art of visionary thinking requires creativity, foresight, and the courage to challenge conventional norms, paving the way for progress.</p>								</div>
				</div>
					</div>
				</div>
		<div class="elementor-element elementor-element-9f59f79 e-flex e-con-boxed e-con e-parent" data-id="9f59f79" data-element_type="container">
					<div class="e-con-inner">
				<div class="elementor-element elementor-element-e716a3b elementor-widget elementor-widget-heading" data-id="e716a3b" data-element_type="widget" data-widget_type="heading.default">
				<div class="elementor-widget-container">
					<h2 class="elementor-heading-title elementor-size-default">The Art of Communication</h2>				</div>
				</div>
					</div>
				</div>
		<div class="elementor-element elementor-element-c9f09b1 e-flex e-con-boxed e-con e-parent" data-id="c9f09b1" data-element_type="container">
					<div class="e-con-inner">
				<div class="elementor-element elementor-element-7001a41 elementor-widget elementor-widget-text-editor" data-id="7001a41" data-element_type="widget" data-widget_type="text-editor.default">
				<div class="elementor-widget-container">
									<p>Another essential element of political leadership is the art of communication. Leaders must connect with people, inspire trust, and convey their vision effectively. The art of communication is not limited to delivering powerful speeches; it involves listening, understanding the concerns of the public, and responding with empathy and clarity.</p><p>Great leaders master this art by tailoring their messages to resonate with diverse audiences. They use the art of storytelling to make complex policies accessible and relatable. This ability to communicate effectively is what transforms a bold decision into a widely accepted and supported initiative. The art of communication is, therefore, central to the success of any political endeavor.</p>								</div>
				</div>
					</div>
				</div>
		<div class="elementor-element elementor-element-8edb269 e-flex e-con-boxed e-con e-parent" data-id="8edb269" data-element_type="container">
					<div class="e-con-inner">
				<div class="elementor-element elementor-element-ffcf136 elementor-widget elementor-widget-heading" data-id="ffcf136" data-element_type="widget" data-widget_type="heading.default">
				<div class="elementor-widget-container">
					<h2 class="elementor-heading-title elementor-size-default">The Art of Decision-Making</h2>				</div>
				</div>
					</div>
				</div>
		<div class="elementor-element elementor-element-53ff2cd e-flex e-con-boxed e-con e-parent" data-id="53ff2cd" data-element_type="container">
					<div class="e-con-inner">
				<div class="elementor-element elementor-element-b61815d elementor-widget elementor-widget-text-editor" data-id="b61815d" data-element_type="widget" data-widget_type="text-editor.default">
				<div class="elementor-widget-container">
									<p>Bold decisions are at the heart of transformative<a href="https://www.academia.edu/8249957/Leadership_in_Modern_Times" target="_blank" rel="noopener"> leadership</a>, and making such decisions is an art in itself. It involves balancing risks and rewards, considering the needs of various stakeholders, and staying true to one’s principles. The art of decision-making is not about impulsive actions; it is about deliberate, calculated moves that reflect a deep understanding of the situation.</p><p>This art also includes the ability to adapt and pivot when circumstances change. Leaders who excel in the art of decision-making understand that flexibility is as important as determination. They approach challenges with a blend of intuition and analysis, ensuring that their choices are both impactful and sustainable.</p>								</div>
				</div>
					</div>
				</div>
		<div class="elementor-element elementor-element-04dd022 e-flex e-con-boxed e-con e-parent" data-id="04dd022" data-element_type="container">
					<div class="e-con-inner">
				<div class="elementor-element elementor-element-2cedc07 elementor-widget elementor-widget-image" data-id="2cedc07" data-element_type="widget" data-widget_type="image.default">
				<div class="elementor-widget-container">
															<img loading="lazy" decoding="async" width="225" height="225" src="/wp-content/uploads/2024/12/po4.jpeg" class="attachment-large size-large wp-image-240" alt="" srcset="/wp-content/uploads/2024/12/po4.jpeg 225w, /wp-content/uploads/2024/12/po4-150x150.jpeg 150w" sizes="(max-width: 225px) 100vw, 225px" />															</div>
				</div>
					</div>
				</div>
		<div class="elementor-element elementor-element-dc8130d e-flex e-con-boxed e-con e-parent" data-id="dc8130d" data-element_type="container">
					<div class="e-con-inner">
				<div class="elementor-element elementor-element-2c91f7f elementor-widget elementor-widget-heading" data-id="2c91f7f" data-element_type="widget" data-widget_type="heading.default">
				<div class="elementor-widget-container">
					<h2 class="elementor-heading-title elementor-size-default">The Art of Building Alliances</h2>				</div>
				</div>
					</div>
				</div>
		<div class="elementor-element elementor-element-4f20e4d e-flex e-con-boxed e-con e-parent" data-id="4f20e4d" data-element_type="container">
					<div class="e-con-inner">
				<div class="elementor-element elementor-element-3bca9b5 elementor-widget elementor-widget-text-editor" data-id="3bca9b5" data-element_type="widget" data-widget_type="text-editor.default">
				<div class="elementor-widget-container">
									<p><a style="font-family: var( --e-global-typography-text-font-family ), Sans-serif; font-weight: var( --e-global-typography-text-font-weight ); text-align: var(--text-align); font-size: 1rem;" href="/balancing-diplomacy-and-strength-in-global-politics/" target="_blank" rel="noopener">Political </a><a href="/balancing-diplomacy-and-strength-in-global-politics/">leadership</a> is rarely a solo endeavor. The art of building alliances is crucial for turning bold ideas into reality. This involves forging relationships, finding common ground, and working collaboratively with others. Whether it’s within a political party, across the aisle, or on the international stage, the art of alliance-building is a skill that defines successful leaders.</p><p>This art requires patience, negotiation, and mutual respect. Leaders who master it can unite diverse groups under a shared vision, creating the momentum needed to drive change. The art of building alliances is not just about achieving immediate goals; it’s about laying the groundwork for enduring partnerships and trust.</p>								</div>
				</div>
					</div>
				</div>
		<div class="elementor-element elementor-element-4596714 e-flex e-con-boxed e-con e-parent" data-id="4596714" data-element_type="container">
					<div class="e-con-inner">
				<div class="elementor-element elementor-element-7dbcc2c elementor-widget elementor-widget-heading" data-id="7dbcc2c" data-element_type="widget" data-widget_type="heading.default">
				<div class="elementor-widget-container">
					<h2 class="elementor-heading-title elementor-size-default">The Art of Resilience</h2>				</div>
				</div>
					</div>
				</div>
		<div class="elementor-element elementor-element-8c25e75 e-flex e-con-boxed e-con e-parent" data-id="8c25e75" data-element_type="container">
					<div class="e-con-inner">
				<div class="elementor-element elementor-element-3095443 elementor-widget elementor-widget-text-editor" data-id="3095443" data-element_type="widget" data-widget_type="text-editor.default">
				<div class="elementor-widget-container">
									<p>Every bold decision faces resistance, and the ability to persevere is a hallmark of great leadership. The art of resilience is about staying committed to one’s vision despite criticism and setbacks. It involves learning from failures, adapting to new realities, and maintaining focus on the ultimate goal.</p><p>Resilient leaders draw on the art of inner strength and external support to navigate challenges. They inspire confidence by demonstrating unwavering determination, even in the face of adversity. The art of resilience ensures that bold decisions are not abandoned at the first sign of difficulty but are pursued with tenacity and resolve.</p>								</div>
				</div>
					</div>
				</div>
		<div class="elementor-element elementor-element-84d232e e-flex e-con-boxed e-con e-parent" data-id="84d232e" data-element_type="container">
					<div class="e-con-inner">
				<div class="elementor-element elementor-element-e6d5f13 elementor-widget elementor-widget-html" data-id="e6d5f13" data-element_type="widget" data-widget_type="html.default">
				<div class="elementor-widget-container">
					<iframe width="560" height="315" src="https://www.youtube.com/embed/wstxBsDRm6M?si=8T0yAJe8q4Gy5_Rj" title="YouTube video player" frameborder="0" allow="accelerometer; autoplay; clipboard-write; encrypted-media; gyroscope; picture-in-picture; web-share" referrerpolicy="strict-origin-when-cross-origin" allowfullscreen></iframe>				</div>
				</div>
					</div>
				</div>
		<div class="elementor-element elementor-element-b942425 e-flex e-con-boxed e-con e-parent" data-id="b942425" data-element_type="container">
					<div class="e-con-inner">
				<div class="elementor-element elementor-element-36cb925 elementor-widget elementor-widget-heading" data-id="36cb925" data-element_type="widget" data-widget_type="heading.default">
				<div class="elementor-widget-container">
					<h2 class="elementor-heading-title elementor-size-default">The Legacy of the Art of Leadership</h2>				</div>
				</div>
					</div>
				</div>
		<div class="elementor-element elementor-element-55b38b8 e-flex e-con-boxed e-con e-parent" data-id="55b38b8" data-element_type="container">
					<div class="e-con-inner">
				<div class="elementor-element elementor-element-dce10ec elementor-widget elementor-widget-text-editor" data-id="dce10ec" data-element_type="widget" data-widget_type="text-editor.default">
				<div class="elementor-widget-container">
									<p>The true measure of a leader lies in their legacy. Bold decisions, crafted through the art of leadership, leave a lasting impact on society. They shape the trajectory of nations and inspire future generations. The art of political leadership is about more than governance; it is about creating a vision that transcends the present and resonates for years to come.</p><p>In conclusion, the art of political leadership is a multifaceted discipline that encompasses visionary thinking, communication, decision-making, alliance-building, and resilience. Each of these elements is an art in its own right, contributing to the overall effectiveness of a leader. By mastering these arts, political leaders can navigate the complexities of modern governance and leave an indelible mark on history. The art of leadership is, ultimately, the art of shaping the future.</p>								</div>
				</div>
					</div>
				</div>
		<div class="elementor-element elementor-element-63619c1 e-flex e-con-boxed e-con e-parent" data-id="63619c1" data-element_type="container">
					<div class="e-con-inner">
				<div class="elementor-element elementor-element-7164233 elementor-widget elementor-widget-n-accordion" data-id="7164233" data-element_type="widget" data-settings="{&quot;default_state&quot;:&quot;expanded&quot;,&quot;max_items_expended&quot;:&quot;one&quot;,&quot;n_accordion_animation_duration&quot;:{&quot;unit&quot;:&quot;ms&quot;,&quot;size&quot;:400,&quot;sizes&quot;:[]}}" data-widget_type="nested-accordion.default">
				<div class="elementor-widget-container">
							<div class="e-n-accordion" aria-label="Accordion. Open links with Enter or Space, close with Escape, and navigate with Arrow Keys">
						<details id="e-n-accordion-item-1180" class="e-n-accordion-item" open>
				<summary class="e-n-accordion-item-title" data-accordion-index="1" tabindex="0" aria-expanded="true" aria-controls="e-n-accordion-item-1180" >
					<span class='e-n-accordion-item-title-header'><div class="e-n-accordion-item-title-text"> What qualities are essential for effective political leadership? </div></span>
							<span class='e-n-accordion-item-title-icon'>
			<span class='e-opened' ><svg aria-hidden="true" class="e-font-icon-svg e-fas-minus" viewBox="0 0 448 512" xmlns="http://www.w3.org/2000/svg"><path d="M416 208H32c-17.67 0-32 14.33-32 32v32c0 17.67 14.33 32 32 32h384c17.67 0 32-14.33 32-32v-32c0-17.67-14.33-32-32-32z"></path></svg></span>
			<span class='e-closed'><svg aria-hidden="true" class="e-font-icon-svg e-fas-plus" viewBox="0 0 448 512" xmlns="http://www.w3.org/2000/svg"><path d="M416 208H272V64c0-17.67-14.33-32-32-32h-32c-17.67 0-32 14.33-32 32v144H32c-17.67 0-32 14.33-32 32v32c0 17.67 14.33 32 32 32h144v144c0 17.67 14.33 32 32 32h32c17.67 0 32-14.33 32-32V304h144c17.67 0 32-14.33 32-32v-32c0-17.67-14.33-32-32-32z"></path></svg></span>
		</span>

						</summary>
				<div role="region" aria-labelledby="e-n-accordion-item-1180" class="elementor-element elementor-element-b374149 e-con-full e-flex e-con e-child" data-id="b374149" data-element_type="container">
		<div role="region" aria-labelledby="e-n-accordion-item-1180" class="elementor-element elementor-element-e60b864 e-flex e-con-boxed e-con e-child" data-id="e60b864" data-element_type="container">
					<div class="e-con-inner">
				<div class="elementor-element elementor-element-f7b4ac8 elementor-widget elementor-widget-text-editor" data-id="f7b4ac8" data-element_type="widget" data-widget_type="text-editor.default">
				<div class="elementor-widget-container">
									<p>Effective political leadership requires a combination of vision, empathy, strategic thinking, and strong communication skills. Leaders must be able to understand and address the needs of their constituents, build consensus, and inspire collective action.</p>								</div>
				</div>
					</div>
				</div>
				</div>
					</details>
						<details id="e-n-accordion-item-1181" class="e-n-accordion-item" >
				<summary class="e-n-accordion-item-title" data-accordion-index="2" tabindex="-1" aria-expanded="false" aria-controls="e-n-accordion-item-1181" >
					<span class='e-n-accordion-item-title-header'><div class="e-n-accordion-item-title-text"> How has technology impacted political leadership in modern times? </div></span>
							<span class='e-n-accordion-item-title-icon'>
			<span class='e-opened' ><svg aria-hidden="true" class="e-font-icon-svg e-fas-minus" viewBox="0 0 448 512" xmlns="http://www.w3.org/2000/svg"><path d="M416 208H32c-17.67 0-32 14.33-32 32v32c0 17.67 14.33 32 32 32h384c17.67 0 32-14.33 32-32v-32c0-17.67-14.33-32-32-32z"></path></svg></span>
			<span class='e-closed'><svg aria-hidden="true" class="e-font-icon-svg e-fas-plus" viewBox="0 0 448 512" xmlns="http://www.w3.org/2000/svg"><path d="M416 208H272V64c0-17.67-14.33-32-32-32h-32c-17.67 0-32 14.33-32 32v144H32c-17.67 0-32 14.33-32 32v32c0 17.67 14.33 32 32 32h144v144c0 17.67 14.33 32 32 32h32c17.67 0 32-14.33 32-32V304h144c17.67 0 32-14.33 32-32v-32c0-17.67-14.33-32-32-32z"></path></svg></span>
		</span>

						</summary>
				<div role="region" aria-labelledby="e-n-accordion-item-1181" class="elementor-element elementor-element-8c39749 e-con-full e-flex e-con e-child" data-id="8c39749" data-element_type="container">
		<div role="region" aria-labelledby="e-n-accordion-item-1181" class="elementor-element elementor-element-044865f e-flex e-con-boxed e-con e-child" data-id="044865f" data-element_type="container">
					<div class="e-con-inner">
				<div class="elementor-element elementor-element-1fa8e8e elementor-widget elementor-widget-text-editor" data-id="1fa8e8e" data-element_type="widget" data-widget_type="text-editor.default">
				<div class="elementor-widget-container">
									<p>Technology has transformed political leadership by enabling more direct and immediate communication with constituents through digital platforms and social media. However, it also presents challenges such as navigating misinformation and maintaining credibility in an era of information overload.</p>								</div>
				</div>
					</div>
				</div>
				</div>
					</details>
						<details id="e-n-accordion-item-1182" class="e-n-accordion-item" >
				<summary class="e-n-accordion-item-title" data-accordion-index="3" tabindex="-1" aria-expanded="false" aria-controls="e-n-accordion-item-1182" >
					<span class='e-n-accordion-item-title-header'><div class="e-n-accordion-item-title-text"> Why is adaptability important for modern political leaders? </div></span>
							<span class='e-n-accordion-item-title-icon'>
			<span class='e-opened' ><svg aria-hidden="true" class="e-font-icon-svg e-fas-minus" viewBox="0 0 448 512" xmlns="http://www.w3.org/2000/svg"><path d="M416 208H32c-17.67 0-32 14.33-32 32v32c0 17.67 14.33 32 32 32h384c17.67 0 32-14.33 32-32v-32c0-17.67-14.33-32-32-32z"></path></svg></span>
			<span class='e-closed'><svg aria-hidden="true" class="e-font-icon-svg e-fas-plus" viewBox="0 0 448 512" xmlns="http://www.w3.org/2000/svg"><path d="M416 208H272V64c0-17.67-14.33-32-32-32h-32c-17.67 0-32 14.33-32 32v144H32c-17.67 0-32 14.33-32 32v32c0 17.67 14.33 32 32 32h144v144c0 17.67 14.33 32 32 32h32c17.67 0 32-14.33 32-32V304h144c17.67 0 32-14.33 32-32v-32c0-17.67-14.33-32-32-32z"></path></svg></span>
		</span>

						</summary>
				<div role="region" aria-labelledby="e-n-accordion-item-1182" class="elementor-element elementor-element-45b97cf e-con-full e-flex e-con e-child" data-id="45b97cf" data-element_type="container">
		<div role="region" aria-labelledby="e-n-accordion-item-1182" class="elementor-element elementor-element-e07da65 e-flex e-con-boxed e-con e-child" data-id="e07da65" data-element_type="container">
					<div class="e-con-inner">
				<div class="elementor-element elementor-element-ba4d42a elementor-widget elementor-widget-text-editor" data-id="ba4d42a" data-element_type="widget" data-widget_type="text-editor.default">
				<div class="elementor-widget-container">
									<p>Adaptability is crucial for modern political leaders because they must navigate an increasingly interconnected and rapidly changing world. Being adaptable allows leaders to respond effectively to emerging challenges, such as climate change, economic inequality, and global health crises.</p>								</div>
				</div>
					</div>
				</div>
				</div>
					</details>
					</div>
						</div>
				</div>
					</div>
				</div>
				</div>
		]]></content:encoded>
					
					<wfw:commentRss>/the-art-of-political-leadership-in-modern-times/feed/</wfw:commentRss>
			<slash:comments>0</slash:comments>
		
		
			</item>
		<item>
		<title>Manmohan Singh&#8217;s decisions that shaped a billion lives</title>
		<link>/manmohan-singhs-decisions-that-shaped-lives/</link>
					<comments>/manmohan-singhs-decisions-that-shaped-lives/#respond</comments>
		
		<dc:creator><![CDATA[BBIT]]></dc:creator>
		<pubDate>Fri, 27 Dec 2024 16:45:40 +0000</pubDate>
				<category><![CDATA[Politics]]></category>
		<guid isPermaLink="false">/?p=134</guid>

					<description><![CDATA[Table of Contents Introduction Economic Liberalization Landmark Nuclear Deal Social Welfare Programs Foreign Policy Initiatives Conclusion FAQs Introduction Manmohan Singh, [&#8230;]]]></description>
										<content:encoded><![CDATA[		<div data-elementor-type="wp-post" data-elementor-id="134" class="elementor elementor-134">
				<div class="elementor-element elementor-element-739ba48 e-flex e-con-boxed e-con e-parent" data-id="739ba48" data-element_type="container">
					<div class="e-con-inner">
				<div class="elementor-element elementor-element-fef253a elementor-widget elementor-widget-heading" data-id="fef253a" data-element_type="widget" data-widget_type="heading.default">
				<div class="elementor-widget-container">
					<h2 class="elementor-heading-title elementor-size-default">Table of Contents</h2>				</div>
				</div>
					</div>
				</div>
		<div class="elementor-element elementor-element-2800ad1 e-flex e-con-boxed e-con e-parent" data-id="2800ad1" data-element_type="container">
					<div class="e-con-inner">
				<div class="elementor-element elementor-element-f6baea6 elementor-widget elementor-widget-text-editor" data-id="f6baea6" data-element_type="widget" data-widget_type="text-editor.default">
				<div class="elementor-widget-container">
									<ul><li><p>Introduction</p></li><li><p>Economic Liberalization</p></li><li><p>Landmark Nuclear Deal</p></li><li><p>Social Welfare Programs</p></li><li><p>Foreign Policy Initiatives</p></li><li><p>Conclusion</p></li><li><p>FAQs</p></li></ul>								</div>
				</div>
					</div>
				</div>
		<div class="elementor-element elementor-element-481df2d e-flex e-con-boxed e-con e-parent" data-id="481df2d" data-element_type="container">
					<div class="e-con-inner">
				<div class="elementor-element elementor-element-5c67df6 elementor-widget elementor-widget-image" data-id="5c67df6" data-element_type="widget" data-widget_type="image.default">
				<div class="elementor-widget-container">
															<img loading="lazy" decoding="async" width="800" height="449" src="/wp-content/uploads/2024/12/111.webp" class="attachment-large size-large wp-image-138" alt="" srcset="/wp-content/uploads/2024/12/111.webp 800w, /wp-content/uploads/2024/12/111-300x168.webp 300w, /wp-content/uploads/2024/12/111-768x431.webp 768w" sizes="(max-width: 800px) 100vw, 800px" />															</div>
				</div>
					</div>
				</div>
		<div class="elementor-element elementor-element-6105c0f e-flex e-con-boxed e-con e-parent" data-id="6105c0f" data-element_type="container">
					<div class="e-con-inner">
				<div class="elementor-element elementor-element-c0ca36e elementor-widget elementor-widget-heading" data-id="c0ca36e" data-element_type="widget" data-widget_type="heading.default">
				<div class="elementor-widget-container">
					<h2 class="elementor-heading-title elementor-size-default">Introduction</h2>				</div>
				</div>
					</div>
				</div>
		<div class="elementor-element elementor-element-bfcaab5 e-flex e-con-boxed e-con e-parent" data-id="bfcaab5" data-element_type="container">
					<div class="e-con-inner">
				<div class="elementor-element elementor-element-d04d929 elementor-widget elementor-widget-text-editor" data-id="d04d929" data-element_type="widget" data-widget_type="text-editor.default">
				<div class="elementor-widget-container">
									<p>Manmohan Singh, India&#8217;s former Prime Minister, is widely regarded as one of the most influential leaders in the country&#8217;s history. His decisions have had a profound impact on the lives of over a billion people. From economic reforms to social welfare programs, Singh&#8217;s policies have shaped modern India in numerous ways. This article explores some of the key decisions made by Manmohan Singh that have left an indelible mark on the nation.</p>								</div>
				</div>
					</div>
				</div>
		<div class="elementor-element elementor-element-2c37ddb e-flex e-con-boxed e-con e-parent" data-id="2c37ddb" data-element_type="container">
					<div class="e-con-inner">
				<div class="elementor-element elementor-element-87cdc36 elementor-widget elementor-widget-heading" data-id="87cdc36" data-element_type="widget" data-widget_type="heading.default">
				<div class="elementor-widget-container">
					<h2 class="elementor-heading-title elementor-size-default">Economic Liberalization</h2>				</div>
				</div>
					</div>
				</div>
		<div class="elementor-element elementor-element-baf3d44 e-flex e-con-boxed e-con e-parent" data-id="baf3d44" data-element_type="container">
					<div class="e-con-inner">
				<div class="elementor-element elementor-element-c33a74b elementor-widget elementor-widget-text-editor" data-id="c33a74b" data-element_type="widget" data-widget_type="text-editor.default">
				<div class="elementor-widget-container">
									<p>One of the most significant decisions made by Manmohan Singh was the economic liberalization of India in the early 1990s. As the Finance Minister, Singh introduced a series of reforms that opened up the Indian economy to global markets. These reforms included reducing trade barriers, deregulating industries, and encouraging foreign investment. The liberalization policies led to rapid economic growth, increased foreign direct investment, and the creation of millions of jobs. Singh&#8217;s vision transformed India from a closed economy to one of the fastest-growing economies in the world.</p>								</div>
				</div>
					</div>
				</div>
		<div class="elementor-element elementor-element-98ef8cf e-flex e-con-boxed e-con e-parent" data-id="98ef8cf" data-element_type="container">
					<div class="e-con-inner">
				<div class="elementor-element elementor-element-2731e18 elementor-widget elementor-widget-heading" data-id="2731e18" data-element_type="widget" data-widget_type="heading.default">
				<div class="elementor-widget-container">
					<h2 class="elementor-heading-title elementor-size-default">Landmark Nuclear Deal</h2>				</div>
				</div>
					</div>
				</div>
		<div class="elementor-element elementor-element-bf7ecdc e-flex e-con-boxed e-con e-parent" data-id="bf7ecdc" data-element_type="container">
					<div class="e-con-inner">
				<div class="elementor-element elementor-element-9428cd8 elementor-widget elementor-widget-text-editor" data-id="9428cd8" data-element_type="widget" data-widget_type="text-editor.default">
				<div class="elementor-widget-container">
									<p>Another landmark decision by Manmohan Singh was the Indo-U.S. nuclear deal in 2008. This agreement ended India&#8217;s nuclear isolation and allowed for civilian nuclear trade between the two countries. The deal was a significant step towards enhancing India&#8217;s energy security and strengthening its strategic partnership with the United States. Despite facing political opposition and risking his government&#8217;s stability, Singh remained steadfast in his commitment to the deal. The nuclear agreement not only boosted India&#8217;s energy capabilities but also elevated its status on the global stage.</p>								</div>
				</div>
					</div>
				</div>
		<div class="elementor-element elementor-element-ded2737 e-flex e-con-boxed e-con e-parent" data-id="ded2737" data-element_type="container">
					<div class="e-con-inner">
				<div class="elementor-element elementor-element-ef880a0 elementor-widget elementor-widget-image" data-id="ef880a0" data-element_type="widget" data-widget_type="image.default">
				<div class="elementor-widget-container">
															<img loading="lazy" decoding="async" width="622" height="1024" src="/wp-content/uploads/2024/12/112-622x1024.webp" class="attachment-large size-large wp-image-139" alt="" srcset="/wp-content/uploads/2024/12/112-622x1024.webp 622w, /wp-content/uploads/2024/12/112-182x300.webp 182w, /wp-content/uploads/2024/12/112-768x1264.webp 768w, /wp-content/uploads/2024/12/112.webp 800w" sizes="(max-width: 622px) 100vw, 622px" />															</div>
				</div>
					</div>
				</div>
		<div class="elementor-element elementor-element-70bd5b6 e-flex e-con-boxed e-con e-parent" data-id="70bd5b6" data-element_type="container">
					<div class="e-con-inner">
				<div class="elementor-element elementor-element-a24bfbb elementor-widget elementor-widget-heading" data-id="a24bfbb" data-element_type="widget" data-widget_type="heading.default">
				<div class="elementor-widget-container">
					<h2 class="elementor-heading-title elementor-size-default">Education policy</h2>				</div>
				</div>
					</div>
				</div>
		<div class="elementor-element elementor-element-162646e e-flex e-con-boxed e-con e-parent" data-id="162646e" data-element_type="container">
					<div class="e-con-inner">
				<div class="elementor-element elementor-element-289701a elementor-widget elementor-widget-text-editor" data-id="289701a" data-element_type="widget" data-widget_type="text-editor.default">
				<div class="elementor-widget-container">
									<p>Manmohan Singh&#8217;s tenure as Prime Minister saw significant strides in education policy, most notably with the introduction of the Right to Education (RTE) Act in 2009. This landmark legislation aimed to provide free and compulsory education to children aged six to fourteen years, making education a fundamental right in India. The RTE Act mandated that a minimum of 25% of seats in all private unaided primary schools be reserved for children from economically weaker sections and disadvantaged groups1.</p><p>Additionally, Singh launched the Prime Minister’s Special <a href="https://www.theweek.in/news/india/2024/12/27/how-manmohan-singhs-scholarship-scheme-uplifted-kashmiri-youth-through-education.html?form=MG0AV3" target="_blank" rel="noopener">Scholarship Scheme </a>(PMSSS) in 2011, which significantly reshaped educational opportunities for students in conflict-ridden regions like Jammu and Kashmir. This initiative provided financial support to deserving students, covering tuition fees, accommodation, and other essential costs, thus easing financial hardships for economically disadvantaged families2.</p><p>These policies reflect Singh&#8217;s vision of inclusive growth and his commitment to ensuring that every child, regardless of background, has access to quality education. His efforts have had a lasting impact on India&#8217;s educational landscape, empowering countless students to achieve academic excellence and professional success.</p>								</div>
				</div>
					</div>
				</div>
		<div class="elementor-element elementor-element-eebb972 e-flex e-con-boxed e-con e-parent" data-id="eebb972" data-element_type="container">
					<div class="e-con-inner">
				<div class="elementor-element elementor-element-c14b1ea elementor-widget elementor-widget-heading" data-id="c14b1ea" data-element_type="widget" data-widget_type="heading.default">
				<div class="elementor-widget-container">
					<h2 class="elementor-heading-title elementor-size-default">Social Welfare Programs</h2>				</div>
				</div>
					</div>
				</div>
		<div class="elementor-element elementor-element-18ba774 e-flex e-con-boxed e-con e-parent" data-id="18ba774" data-element_type="container">
					<div class="e-con-inner">
				<div class="elementor-element elementor-element-2c3d6d3 elementor-widget elementor-widget-text-editor" data-id="2c3d6d3" data-element_type="widget" data-widget_type="text-editor.default">
				<div class="elementor-widget-container">
									<p>Manmohan Singh&#8217;s tenure as Prime Minister saw the implementation of several transformative <a href="https://www.business-standard.com/india-news/singh-and-his-legacy-of-major-rights-based-legislations-for-social-welfare-124122700910_1.html?form=MG0AV3" target="_blank" rel="noopener">social welfare programs</a>. One of the most notable initiatives was the National Rural Employment Guarantee Act (NREGA), which aimed to provide guaranteed employment to rural households. This program played a crucial role in alleviating poverty and improving the livelihoods of millions of people in rural India. Additionally, Singh introduced the Right to Information Act (RTI), which enhanced transparency and accountability in government operations. These social welfare programs have had a lasting impact on the lives of countless Indians.</p>								</div>
				</div>
					</div>
				</div>
		<div class="elementor-element elementor-element-0b5c2ff e-flex e-con-boxed e-con e-parent" data-id="0b5c2ff" data-element_type="container">
					<div class="e-con-inner">
				<div class="elementor-element elementor-element-33f602d elementor-widget elementor-widget-html" data-id="33f602d" data-element_type="widget" data-widget_type="html.default">
				<div class="elementor-widget-container">
					<iframe width="560" height="315" src="https://www.youtube.com/embed/a7cJwmsoZ7Q?si=cNP4YxURPb1vcttV" title="YouTube video player" frameborder="0" allow="accelerometer; autoplay; clipboard-write; encrypted-media; gyroscope; picture-in-picture; web-share" referrerpolicy="strict-origin-when-cross-origin" allowfullscreen></iframe>				</div>
				</div>
					</div>
				</div>
		<div class="elementor-element elementor-element-cc598bd e-flex e-con-boxed e-con e-parent" data-id="cc598bd" data-element_type="container">
					<div class="e-con-inner">
				<div class="elementor-element elementor-element-bef723a elementor-widget elementor-widget-heading" data-id="bef723a" data-element_type="widget" data-widget_type="heading.default">
				<div class="elementor-widget-container">
					<h2 class="elementor-heading-title elementor-size-default">Foreign Policy Initiatives</h2>				</div>
				</div>
					</div>
				</div>
		<div class="elementor-element elementor-element-9431e82 e-flex e-con-boxed e-con e-parent" data-id="9431e82" data-element_type="container">
					<div class="e-con-inner">
				<div class="elementor-element elementor-element-4c2c976 elementor-widget elementor-widget-text-editor" data-id="4c2c976" data-element_type="widget" data-widget_type="text-editor.default">
				<div class="elementor-widget-container">
									<p>Manmohan Singh&#8217;s foreign policy initiatives were instrumental in strengthening India&#8217;s global standing. He pursued a policy of strategic engagement with major world powers, including the <a href="/indian-primeminister-manmohan-singh-dies-at-92/" target="_blank" rel="noopener">United States</a>, China, and Russia. Singh&#8217;s efforts to improve relations with neighboring countries, such as Pakistan and Bangladesh, were also noteworthy. His diplomatic approach helped India secure a prominent position in international forums and contributed to regional stability. Singh&#8217;s foreign policy decisions have had a lasting impact on India&#8217;s role in global affairs.</p>								</div>
				</div>
					</div>
				</div>
		<div class="elementor-element elementor-element-6df0d09 e-flex e-con-boxed e-con e-parent" data-id="6df0d09" data-element_type="container">
					<div class="e-con-inner">
				<div class="elementor-element elementor-element-58387f0 elementor-widget elementor-widget-heading" data-id="58387f0" data-element_type="widget" data-widget_type="heading.default">
				<div class="elementor-widget-container">
					<h2 class="elementor-heading-title elementor-size-default">Conclusion</h2>				</div>
				</div>
					</div>
				</div>
		<div class="elementor-element elementor-element-26d2839 e-flex e-con-boxed e-con e-parent" data-id="26d2839" data-element_type="container">
					<div class="e-con-inner">
				<div class="elementor-element elementor-element-4ae458c elementor-widget elementor-widget-text-editor" data-id="4ae458c" data-element_type="widget" data-widget_type="text-editor.default">
				<div class="elementor-widget-container">
									<p>Manmohan Singh&#8217;s decisions have undeniably shaped the lives of over a billion people in India. His economic reforms, landmark nuclear deal, social welfare programs, and foreign policy initiatives have left an indelible mark on the nation. Singh&#8217;s legacy is one of visionary leadership, dedication, and a commitment to the betterment of India. As the country continues to evolve, the impact of Manmohan Singh&#8217;s decisions will be felt for generations to come.</p>								</div>
				</div>
					</div>
				</div>
		<div class="elementor-element elementor-element-a5ce3e7 e-flex e-con-boxed e-con e-parent" data-id="a5ce3e7" data-element_type="container">
					<div class="e-con-inner">
				<div class="elementor-element elementor-element-59d8a05 elementor-widget elementor-widget-n-accordion" data-id="59d8a05" data-element_type="widget" data-settings="{&quot;default_state&quot;:&quot;expanded&quot;,&quot;max_items_expended&quot;:&quot;one&quot;,&quot;n_accordion_animation_duration&quot;:{&quot;unit&quot;:&quot;ms&quot;,&quot;size&quot;:400,&quot;sizes&quot;:[]}}" data-widget_type="nested-accordion.default">
				<div class="elementor-widget-container">
							<div class="e-n-accordion" aria-label="Accordion. Open links with Enter or Space, close with Escape, and navigate with Arrow Keys">
						<details id="e-n-accordion-item-9420" class="e-n-accordion-item" open>
				<summary class="e-n-accordion-item-title" data-accordion-index="1" tabindex="0" aria-expanded="true" aria-controls="e-n-accordion-item-9420" >
					<span class='e-n-accordion-item-title-header'><div class="e-n-accordion-item-title-text"> What were the key economic reforms introduced by Manmohan Singh? </div></span>
							<span class='e-n-accordion-item-title-icon'>
			<span class='e-opened' ><svg aria-hidden="true" class="e-font-icon-svg e-fas-minus" viewBox="0 0 448 512" xmlns="http://www.w3.org/2000/svg"><path d="M416 208H32c-17.67 0-32 14.33-32 32v32c0 17.67 14.33 32 32 32h384c17.67 0 32-14.33 32-32v-32c0-17.67-14.33-32-32-32z"></path></svg></span>
			<span class='e-closed'><svg aria-hidden="true" class="e-font-icon-svg e-fas-plus" viewBox="0 0 448 512" xmlns="http://www.w3.org/2000/svg"><path d="M416 208H272V64c0-17.67-14.33-32-32-32h-32c-17.67 0-32 14.33-32 32v144H32c-17.67 0-32 14.33-32 32v32c0 17.67 14.33 32 32 32h144v144c0 17.67 14.33 32 32 32h32c17.67 0 32-14.33 32-32V304h144c17.67 0 32-14.33 32-32v-32c0-17.67-14.33-32-32-32z"></path></svg></span>
		</span>

						</summary>
				<div role="region" aria-labelledby="e-n-accordion-item-9420" class="elementor-element elementor-element-f216f4f e-con-full e-flex e-con e-child" data-id="f216f4f" data-element_type="container">
		<div role="region" aria-labelledby="e-n-accordion-item-9420" class="elementor-element elementor-element-5da4e09 e-flex e-con-boxed e-con e-child" data-id="5da4e09" data-element_type="container">
					<div class="e-con-inner">
				<div class="elementor-element elementor-element-78d1992 elementor-widget elementor-widget-text-editor" data-id="78d1992" data-element_type="widget" data-widget_type="text-editor.default">
				<div class="elementor-widget-container">
									<p>Manmohan Singh introduced economic liberalization policies in the early 1990s, which included reducing trade barriers, deregulating industries, and encouraging foreign investment. These reforms transformed India into one of the fastest-growing economies in the world.</p>								</div>
				</div>
					</div>
				</div>
				</div>
					</details>
						<details id="e-n-accordion-item-9421" class="e-n-accordion-item" >
				<summary class="e-n-accordion-item-title" data-accordion-index="2" tabindex="-1" aria-expanded="false" aria-controls="e-n-accordion-item-9421" >
					<span class='e-n-accordion-item-title-header'><div class="e-n-accordion-item-title-text"> How did the Indo-U.S. nuclear deal impact India? </div></span>
							<span class='e-n-accordion-item-title-icon'>
			<span class='e-opened' ><svg aria-hidden="true" class="e-font-icon-svg e-fas-minus" viewBox="0 0 448 512" xmlns="http://www.w3.org/2000/svg"><path d="M416 208H32c-17.67 0-32 14.33-32 32v32c0 17.67 14.33 32 32 32h384c17.67 0 32-14.33 32-32v-32c0-17.67-14.33-32-32-32z"></path></svg></span>
			<span class='e-closed'><svg aria-hidden="true" class="e-font-icon-svg e-fas-plus" viewBox="0 0 448 512" xmlns="http://www.w3.org/2000/svg"><path d="M416 208H272V64c0-17.67-14.33-32-32-32h-32c-17.67 0-32 14.33-32 32v144H32c-17.67 0-32 14.33-32 32v32c0 17.67 14.33 32 32 32h144v144c0 17.67 14.33 32 32 32h32c17.67 0 32-14.33 32-32V304h144c17.67 0 32-14.33 32-32v-32c0-17.67-14.33-32-32-32z"></path></svg></span>
		</span>

						</summary>
				<div role="region" aria-labelledby="e-n-accordion-item-9421" class="elementor-element elementor-element-8ec0f64 e-con-full e-flex e-con e-child" data-id="8ec0f64" data-element_type="container">
		<div role="region" aria-labelledby="e-n-accordion-item-9421" class="elementor-element elementor-element-194a97a e-flex e-con-boxed e-con e-child" data-id="194a97a" data-element_type="container">
					<div class="e-con-inner">
				<div class="elementor-element elementor-element-436009f elementor-widget elementor-widget-text-editor" data-id="436009f" data-element_type="widget" data-widget_type="text-editor.default">
				<div class="elementor-widget-container">
									<p>The Indo-U.S. nuclear deal, finalized in 2008, ended India&#8217;s nuclear isolation and allowed for civilian nuclear trade. This agreement enhanced India&#8217;s energy security and strengthened its strategic partnership with the United States.</p>								</div>
				</div>
					</div>
				</div>
				</div>
					</details>
						<details id="e-n-accordion-item-9422" class="e-n-accordion-item" >
				<summary class="e-n-accordion-item-title" data-accordion-index="3" tabindex="-1" aria-expanded="false" aria-controls="e-n-accordion-item-9422" >
					<span class='e-n-accordion-item-title-header'><div class="e-n-accordion-item-title-text"> What social welfare programs were implemented during Manmohan Singh's tenure? </div></span>
							<span class='e-n-accordion-item-title-icon'>
			<span class='e-opened' ><svg aria-hidden="true" class="e-font-icon-svg e-fas-minus" viewBox="0 0 448 512" xmlns="http://www.w3.org/2000/svg"><path d="M416 208H32c-17.67 0-32 14.33-32 32v32c0 17.67 14.33 32 32 32h384c17.67 0 32-14.33 32-32v-32c0-17.67-14.33-32-32-32z"></path></svg></span>
			<span class='e-closed'><svg aria-hidden="true" class="e-font-icon-svg e-fas-plus" viewBox="0 0 448 512" xmlns="http://www.w3.org/2000/svg"><path d="M416 208H272V64c0-17.67-14.33-32-32-32h-32c-17.67 0-32 14.33-32 32v144H32c-17.67 0-32 14.33-32 32v32c0 17.67 14.33 32 32 32h144v144c0 17.67 14.33 32 32 32h32c17.67 0 32-14.33 32-32V304h144c17.67 0 32-14.33 32-32v-32c0-17.67-14.33-32-32-32z"></path></svg></span>
		</span>

						</summary>
				<div role="region" aria-labelledby="e-n-accordion-item-9422" class="elementor-element elementor-element-b24d0b9 e-con-full e-flex e-con e-child" data-id="b24d0b9" data-element_type="container">
		<div role="region" aria-labelledby="e-n-accordion-item-9422" class="elementor-element elementor-element-63ee290 e-flex e-con-boxed e-con e-child" data-id="63ee290" data-element_type="container">
					<div class="e-con-inner">
				<div class="elementor-element elementor-element-a4e588e elementor-widget elementor-widget-text-editor" data-id="a4e588e" data-element_type="widget" data-widget_type="text-editor.default">
				<div class="elementor-widget-container">
									<p>During his tenure, Manmohan Singh implemented several social welfare programs, including the National Rural Employment Guarantee Act (NREGA) and the Right to Information Act (RTI). These initiatives aimed to alleviate poverty, improve livelihoods, and enhance transparency in government operations.</p>								</div>
				</div>
					</div>
				</div>
				</div>
					</details>
						<details id="e-n-accordion-item-9423" class="e-n-accordion-item" >
				<summary class="e-n-accordion-item-title" data-accordion-index="4" tabindex="-1" aria-expanded="false" aria-controls="e-n-accordion-item-9423" >
					<span class='e-n-accordion-item-title-header'><div class="e-n-accordion-item-title-text"> How did Manmohan Singh's foreign policy initiatives shape India's global standing? </div></span>
							<span class='e-n-accordion-item-title-icon'>
			<span class='e-opened' ><svg aria-hidden="true" class="e-font-icon-svg e-fas-minus" viewBox="0 0 448 512" xmlns="http://www.w3.org/2000/svg"><path d="M416 208H32c-17.67 0-32 14.33-32 32v32c0 17.67 14.33 32 32 32h384c17.67 0 32-14.33 32-32v-32c0-17.67-14.33-32-32-32z"></path></svg></span>
			<span class='e-closed'><svg aria-hidden="true" class="e-font-icon-svg e-fas-plus" viewBox="0 0 448 512" xmlns="http://www.w3.org/2000/svg"><path d="M416 208H272V64c0-17.67-14.33-32-32-32h-32c-17.67 0-32 14.33-32 32v144H32c-17.67 0-32 14.33-32 32v32c0 17.67 14.33 32 32 32h144v144c0 17.67 14.33 32 32 32h32c17.67 0 32-14.33 32-32V304h144c17.67 0 32-14.33 32-32v-32c0-17.67-14.33-32-32-32z"></path></svg></span>
		</span>

						</summary>
				<div role="region" aria-labelledby="e-n-accordion-item-9423" class="elementor-element elementor-element-447a3a4 e-flex e-con-boxed e-con e-child" data-id="447a3a4" data-element_type="container">
					<div class="e-con-inner">
		<div role="region" aria-labelledby="e-n-accordion-item-9423" class="elementor-element elementor-element-bc0c69d e-con-full e-flex e-con e-child" data-id="bc0c69d" data-element_type="container">
				<div class="elementor-element elementor-element-2d1cb58 elementor-widget elementor-widget-text-editor" data-id="2d1cb58" data-element_type="widget" data-widget_type="text-editor.default">
				<div class="elementor-widget-container">
									<p>Manmohan Singh pursued a policy of strategic engagement with major world powers and improved relations with neighboring countries. His diplomatic efforts helped secure India&#8217;s position in international forums and contributed to regional stability.</p>								</div>
				</div>
				</div>
					</div>
				</div>
					</details>
					</div>
						</div>
				</div>
					</div>
				</div>
				</div>
		]]></content:encoded>
					
					<wfw:commentRss>/manmohan-singhs-decisions-that-shaped-lives/feed/</wfw:commentRss>
			<slash:comments>0</slash:comments>
		
		
			</item>
		<item>
		<title>India’s Former Prime Minister Manmohan Singh, Architect of Landmark Nuclear Deal with the U.S., Dies at 92</title>
		<link>/indian-primeminister-manmohan-singh-dies-at-92/</link>
					<comments>/indian-primeminister-manmohan-singh-dies-at-92/#respond</comments>
		
		<dc:creator><![CDATA[BBIT]]></dc:creator>
		<pubDate>Fri, 27 Dec 2024 15:12:57 +0000</pubDate>
				<category><![CDATA[Politics]]></category>
		<guid isPermaLink="false">/?p=126</guid>

					<description><![CDATA[Table of Contents Introduction Early Life and Career Prime Ministerial Tenure Landmark Nuclear Deal with the U.S. Legacy and Impact [&#8230;]]]></description>
										<content:encoded><![CDATA[		<div data-elementor-type="wp-post" data-elementor-id="126" class="elementor elementor-126">
				<div class="elementor-element elementor-element-a75ced1 e-flex e-con-boxed e-con e-parent" data-id="a75ced1" data-element_type="container">
					<div class="e-con-inner">
				<div class="elementor-element elementor-element-19efaf1 elementor-widget elementor-widget-heading" data-id="19efaf1" data-element_type="widget" data-widget_type="heading.default">
				<div class="elementor-widget-container">
					<h2 class="elementor-heading-title elementor-size-default">Table of Contents
</h2>				</div>
				</div>
					</div>
				</div>
		<div class="elementor-element elementor-element-b3a4e21 e-flex e-con-boxed e-con e-parent" data-id="b3a4e21" data-element_type="container">
					<div class="e-con-inner">
				<div class="elementor-element elementor-element-9ba7782 elementor-widget elementor-widget-text-editor" data-id="9ba7782" data-element_type="widget" data-widget_type="text-editor.default">
				<div class="elementor-widget-container">
									<ul><li><p>Introduction</p></li><li><p>Early Life and Career</p></li><li><p>Prime Ministerial Tenure</p></li><li><p>Landmark Nuclear Deal with the U.S.</p></li><li><p>Legacy and Impact</p></li><li><p>Conclusion</p></li><li><p>FAQs</p></li></ul>								</div>
				</div>
					</div>
				</div>
		<div class="elementor-element elementor-element-da5186f e-flex e-con-boxed e-con e-parent" data-id="da5186f" data-element_type="container">
					<div class="e-con-inner">
				<div class="elementor-element elementor-element-8563d98 elementor-widget elementor-widget-heading" data-id="8563d98" data-element_type="widget" data-widget_type="heading.default">
				<div class="elementor-widget-container">
					<h2 class="elementor-heading-title elementor-size-default">Introduction</h2>				</div>
				</div>
					</div>
				</div>
		<div class="elementor-element elementor-element-389634c e-flex e-con-boxed e-con e-parent" data-id="389634c" data-element_type="container">
					<div class="e-con-inner">
				<div class="elementor-element elementor-element-b01a9a1 elementor-widget elementor-widget-text-editor" data-id="b01a9a1" data-element_type="widget" data-widget_type="text-editor.default">
				<div class="elementor-widget-container">
									<p>India mourns the loss of its former Prime Minister, Manmohan Singh, who passed away on December 26, 2024, at the age of 92. Known for his pivotal role in shaping India&#8217;s economic landscape and his landmark nuclear deal with the U.S., Singh&#8217;s legacy is one of profound impact and enduring influence.</p>								</div>
				</div>
					</div>
				</div>
		<div class="elementor-element elementor-element-7e54fbe e-flex e-con-boxed e-con e-parent" data-id="7e54fbe" data-element_type="container">
					<div class="e-con-inner">
				<div class="elementor-element elementor-element-b5e6d2f elementor-widget elementor-widget-heading" data-id="b5e6d2f" data-element_type="widget" data-widget_type="heading.default">
				<div class="elementor-widget-container">
					<h2 class="elementor-heading-title elementor-size-default">Early Life and Career</h2>				</div>
				</div>
					</div>
				</div>
		<div class="elementor-element elementor-element-dbda054 e-flex e-con-boxed e-con e-parent" data-id="dbda054" data-element_type="container">
					<div class="e-con-inner">
				<div class="elementor-element elementor-element-683b6a3 elementor-widget elementor-widget-text-editor" data-id="683b6a3" data-element_type="widget" data-widget_type="text-editor.default">
				<div class="elementor-widget-container">
									<p>Manmohan Singh was born on September 26, 1932, in Gah, Punjab (now in Pakistan). He pursued his education in economics, earning a doctorate from Oxford University. Singh&#8217;s career began in academia, but he soon transitioned to public service, holding various key positions, including the Governor of the Reserve Bank of India and the Finance Minister.</p>								</div>
				</div>
					</div>
				</div>
		<div class="elementor-element elementor-element-6f1596e e-flex e-con-boxed e-con e-parent" data-id="6f1596e" data-element_type="container">
					<div class="e-con-inner">
				<div class="elementor-element elementor-element-013e22c elementor-widget elementor-widget-image" data-id="013e22c" data-element_type="widget" data-widget_type="image.default">
				<div class="elementor-widget-container">
															<img loading="lazy" decoding="async" width="290" height="180" src="/wp-content/uploads/2024/12/singh.jpeg" class="attachment-large size-large wp-image-129" alt="Manmohan singh" />															</div>
				</div>
					</div>
				</div>
		<div class="elementor-element elementor-element-11d23fa e-flex e-con-boxed e-con e-parent" data-id="11d23fa" data-element_type="container">
					<div class="e-con-inner">
				<div class="elementor-element elementor-element-3fc0d48 elementor-widget elementor-widget-heading" data-id="3fc0d48" data-element_type="widget" data-widget_type="heading.default">
				<div class="elementor-widget-container">
					<h2 class="elementor-heading-title elementor-size-default">Prime Ministerial Tenure</h2>				</div>
				</div>
					</div>
				</div>
		<div class="elementor-element elementor-element-c2e2a7d e-flex e-con-boxed e-con e-parent" data-id="c2e2a7d" data-element_type="container">
					<div class="e-con-inner">
				<div class="elementor-element elementor-element-d5a2e9c elementor-widget elementor-widget-text-editor" data-id="d5a2e9c" data-element_type="widget" data-widget_type="text-editor.default">
				<div class="elementor-widget-container">
									<p>Singh served as India&#8217;s Prime Minister from 2004 to 2014. His tenure was marked by significant economic reforms and efforts to improve India&#8217;s global standing. Despite facing numerous challenges, including economic crises and political opposition, Singh remained committed to his vision of a prosperous and inclusive India.</p>								</div>
				</div>
					</div>
				</div>
		<div class="elementor-element elementor-element-382b383 e-flex e-con-boxed e-con e-parent" data-id="382b383" data-element_type="container">
					<div class="e-con-inner">
				<div class="elementor-element elementor-element-59133cb elementor-widget elementor-widget-heading" data-id="59133cb" data-element_type="widget" data-widget_type="heading.default">
				<div class="elementor-widget-container">
					<h2 class="elementor-heading-title elementor-size-default">Landmark Nuclear Deal with the U.S.</h2>				</div>
				</div>
					</div>
				</div>
		<div class="elementor-element elementor-element-de48597 e-flex e-con-boxed e-con e-parent" data-id="de48597" data-element_type="container">
					<div class="e-con-inner">
				<div class="elementor-element elementor-element-06d3a90 elementor-widget elementor-widget-text-editor" data-id="06d3a90" data-element_type="widget" data-widget_type="text-editor.default">
				<div class="elementor-widget-container">
									<p>One of the most notable achievements of Manmohan Singh&#8217;s tenure was the landmark nuclear deal with the U.S. in 2008. This agreement ended India&#8217;s nuclear isolation and allowed for civilian nuclear trade, significantly enhancing India&#8217;s energy security and strategic partnerships. Singh&#8217;s determination to see this deal through, even at the risk of his government&#8217;s stability, underscored his commitment to India&#8217;s long-term interests.</p><h3> </h3>								</div>
				</div>
					</div>
				</div>
		<div class="elementor-element elementor-element-2917a98 e-flex e-con-boxed e-con e-parent" data-id="2917a98" data-element_type="container">
					<div class="e-con-inner">
				<div class="elementor-element elementor-element-0c56155 elementor-widget elementor-widget-text-editor" data-id="0c56155" data-element_type="widget" data-widget_type="text-editor.default">
				<div class="elementor-widget-container">
									<p>Manmohan Singh, India&#8217;s visionary former Prime Minister, Guided economic reforms with unwavering determination. Architect of the landmark U.S. nuclear deal, His legacy continues to inspire the nation.</p><p>Manmohan Singh, a beacon of economic reform, Led India towards prosperity with a steady hand. Respected globally for his intellect and integrity, His contributions to India remain timeless and grand.</p>								</div>
				</div>
					</div>
				</div>
		<div class="elementor-element elementor-element-0b24646 e-flex e-con-boxed e-con e-parent" data-id="0b24646" data-element_type="container">
					<div class="e-con-inner">
				<div class="elementor-element elementor-element-7df6dd7 elementor-widget elementor-widget-html" data-id="7df6dd7" data-element_type="widget" data-widget_type="html.default">
				<div class="elementor-widget-container">
					<iframe width="560" height="315" src="https://www.youtube.com/embed/yOLH0EdQUoY?si=YYeogoeq5zE-z52u" title="YouTube video player" frameborder="0" allow="accelerometer; autoplay; clipboard-write; encrypted-media; gyroscope; picture-in-picture; web-share" referrerpolicy="strict-origin-when-cross-origin" allowfullscreen></iframe>				</div>
				</div>
					</div>
				</div>
		<div class="elementor-element elementor-element-bd0ca4c e-flex e-con-boxed e-con e-parent" data-id="bd0ca4c" data-element_type="container">
					<div class="e-con-inner">
				<div class="elementor-element elementor-element-3b46710 elementor-widget elementor-widget-heading" data-id="3b46710" data-element_type="widget" data-widget_type="heading.default">
				<div class="elementor-widget-container">
					<h2 class="elementor-heading-title elementor-size-default">Legacy and Impact</h2>				</div>
				</div>
					</div>
				</div>
		<div class="elementor-element elementor-element-2a90f95 e-flex e-con-boxed e-con e-parent" data-id="2a90f95" data-element_type="container">
					<div class="e-con-inner">
				<div class="elementor-element elementor-element-3ab5eff elementor-widget elementor-widget-text-editor" data-id="3ab5eff" data-element_type="widget" data-widget_type="text-editor.default">
				<div class="elementor-widget-container">
									<p>Manmohan Singh&#8217;s legacy extends beyond the nuclear deal. He is credited with liberalizing<a href="/manmohan-singhs-decisions-that-shaped-lives/" target="_blank" rel="noopener"> India&#8217;s economy </a>in the early 1990s, which set the stage for rapid economic growth. His policies and leadership helped India navigate the global financial crisis of 2008 and positioned the country as a major player on the world stage. Singh&#8217;s contributions to India&#8217;s foreign policy, economic reforms, and social welfare programs have left an indelible mark on the nation.</p>								</div>
				</div>
					</div>
				</div>
		<div class="elementor-element elementor-element-7826546 e-flex e-con-boxed e-con e-parent" data-id="7826546" data-element_type="container">
					<div class="e-con-inner">
				<div class="elementor-element elementor-element-61ba050 elementor-widget elementor-widget-text-editor" data-id="61ba050" data-element_type="widget" data-widget_type="text-editor.default">
				<div class="elementor-widget-container">
									<p>Former Prime Minister Manmohan Singh <a href="https://www.ndtvprofit.com/nation/manmohan-singhs-landmark-2008-us-nuclear-deal-key-moment-in-indias-foreign-policy?form=MG0AV3" target="_blank" rel="noopener">passed away</a> on December 26, 2024, at the age of 92 after a prolonged illness. He was admitted to AIIMS Delhi after losing consciousness at home, and despite all efforts, he could not be revived1. His death has left a significant void in Indian politics, with leaders across the spectrum paying their respects.</p>								</div>
				</div>
					</div>
				</div>
		<div class="elementor-element elementor-element-cbd3922 e-flex e-con-boxed e-con e-parent" data-id="cbd3922" data-element_type="container">
					<div class="e-con-inner">
				<div class="elementor-element elementor-element-5ec2e7e elementor-widget elementor-widget-heading" data-id="5ec2e7e" data-element_type="widget" data-widget_type="heading.default">
				<div class="elementor-widget-container">
					<h2 class="elementor-heading-title elementor-size-default">Conclusion</h2>				</div>
				</div>
					</div>
				</div>
		<div class="elementor-element elementor-element-3b4cd60 e-flex e-con-boxed e-con e-parent" data-id="3b4cd60" data-element_type="container">
					<div class="e-con-inner">
				<div class="elementor-element elementor-element-d8019d7 elementor-widget elementor-widget-text-editor" data-id="d8019d7" data-element_type="widget" data-widget_type="text-editor.default">
				<div class="elementor-widget-container">
									<p>Manmohan Singh&#8217;s passing marks the end of an era in Indian politics. His vision, dedication, and achievements have left a lasting legacy that will continue to inspire future generations. As India reflects on his contributions, it is clear that Singh&#8217;s impact on the nation&#8217;s history is profound and enduring.</p>								</div>
				</div>
					</div>
				</div>
		<div class="elementor-element elementor-element-a41bb08 e-flex e-con-boxed e-con e-parent" data-id="a41bb08" data-element_type="container">
					<div class="e-con-inner">
				<div class="elementor-element elementor-element-69445af elementor-widget elementor-widget-n-accordion" data-id="69445af" data-element_type="widget" data-settings="{&quot;default_state&quot;:&quot;expanded&quot;,&quot;max_items_expended&quot;:&quot;one&quot;,&quot;n_accordion_animation_duration&quot;:{&quot;unit&quot;:&quot;ms&quot;,&quot;size&quot;:400,&quot;sizes&quot;:[]}}" data-widget_type="nested-accordion.default">
				<div class="elementor-widget-container">
							<div class="e-n-accordion" aria-label="Accordion. Open links with Enter or Space, close with Escape, and navigate with Arrow Keys">
						<details id="e-n-accordion-item-1100" class="e-n-accordion-item" open>
				<summary class="e-n-accordion-item-title" data-accordion-index="1" tabindex="0" aria-expanded="true" aria-controls="e-n-accordion-item-1100" >
					<span class='e-n-accordion-item-title-header'><div class="e-n-accordion-item-title-text"> What was Manmohan Singh's role in the India-U.S. nuclear deal? </div></span>
							<span class='e-n-accordion-item-title-icon'>
			<span class='e-opened' ><svg aria-hidden="true" class="e-font-icon-svg e-fas-minus" viewBox="0 0 448 512" xmlns="http://www.w3.org/2000/svg"><path d="M416 208H32c-17.67 0-32 14.33-32 32v32c0 17.67 14.33 32 32 32h384c17.67 0 32-14.33 32-32v-32c0-17.67-14.33-32-32-32z"></path></svg></span>
			<span class='e-closed'><svg aria-hidden="true" class="e-font-icon-svg e-fas-plus" viewBox="0 0 448 512" xmlns="http://www.w3.org/2000/svg"><path d="M416 208H272V64c0-17.67-14.33-32-32-32h-32c-17.67 0-32 14.33-32 32v144H32c-17.67 0-32 14.33-32 32v32c0 17.67 14.33 32 32 32h144v144c0 17.67 14.33 32 32 32h32c17.67 0 32-14.33 32-32V304h144c17.67 0 32-14.33 32-32v-32c0-17.67-14.33-32-32-32z"></path></svg></span>
		</span>

						</summary>
				<div role="region" aria-labelledby="e-n-accordion-item-1100" class="elementor-element elementor-element-69fc596 e-con-full e-flex e-con e-child" data-id="69fc596" data-element_type="container">
		<div role="region" aria-labelledby="e-n-accordion-item-1100" class="elementor-element elementor-element-0310167 e-flex e-con-boxed e-con e-child" data-id="0310167" data-element_type="container">
					<div class="e-con-inner">
				<div class="elementor-element elementor-element-89e2b32 elementor-widget elementor-widget-text-editor" data-id="89e2b32" data-element_type="widget" data-widget_type="text-editor.default">
				<div class="elementor-widget-container">
									<p>Manmohan Singh was instrumental in negotiating and finalizing the landmark nuclear deal with the U.S. in 2008, which ended India&#8217;s nuclear isolation and allowed for civilian nuclear trade.</p>								</div>
				</div>
					</div>
				</div>
				</div>
					</details>
						<details id="e-n-accordion-item-1101" class="e-n-accordion-item" >
				<summary class="e-n-accordion-item-title" data-accordion-index="2" tabindex="-1" aria-expanded="false" aria-controls="e-n-accordion-item-1101" >
					<span class='e-n-accordion-item-title-header'><div class="e-n-accordion-item-title-text"> How did Manmohan Singh contribute to India's economic reforms? </div></span>
							<span class='e-n-accordion-item-title-icon'>
			<span class='e-opened' ><svg aria-hidden="true" class="e-font-icon-svg e-fas-minus" viewBox="0 0 448 512" xmlns="http://www.w3.org/2000/svg"><path d="M416 208H32c-17.67 0-32 14.33-32 32v32c0 17.67 14.33 32 32 32h384c17.67 0 32-14.33 32-32v-32c0-17.67-14.33-32-32-32z"></path></svg></span>
			<span class='e-closed'><svg aria-hidden="true" class="e-font-icon-svg e-fas-plus" viewBox="0 0 448 512" xmlns="http://www.w3.org/2000/svg"><path d="M416 208H272V64c0-17.67-14.33-32-32-32h-32c-17.67 0-32 14.33-32 32v144H32c-17.67 0-32 14.33-32 32v32c0 17.67 14.33 32 32 32h144v144c0 17.67 14.33 32 32 32h32c17.67 0 32-14.33 32-32V304h144c17.67 0 32-14.33 32-32v-32c0-17.67-14.33-32-32-32z"></path></svg></span>
		</span>

						</summary>
				<div role="region" aria-labelledby="e-n-accordion-item-1101" class="elementor-element elementor-element-7048f0e e-con-full e-flex e-con e-child" data-id="7048f0e" data-element_type="container">
		<div role="region" aria-labelledby="e-n-accordion-item-1101" class="elementor-element elementor-element-b9e5785 e-flex e-con-boxed e-con e-child" data-id="b9e5785" data-element_type="container">
					<div class="e-con-inner">
				<div class="elementor-element elementor-element-2d5214d elementor-widget elementor-widget-text-editor" data-id="2d5214d" data-element_type="widget" data-widget_type="text-editor.default">
				<div class="elementor-widget-container">
									<p>As Finance Minister in the early 1990s, Manmohan Singh implemented significant economic reforms that liberalized India&#8217;s economy, paving the way for rapid growth and increased foreign investment.</p>								</div>
				</div>
					</div>
				</div>
				</div>
					</details>
						<details id="e-n-accordion-item-1102" class="e-n-accordion-item" >
				<summary class="e-n-accordion-item-title" data-accordion-index="3" tabindex="-1" aria-expanded="false" aria-controls="e-n-accordion-item-1102" >
					<span class='e-n-accordion-item-title-header'><div class="e-n-accordion-item-title-text"> What were some of Manmohan Singh's other notable achievements as Prime Minister? </div></span>
							<span class='e-n-accordion-item-title-icon'>
			<span class='e-opened' ><svg aria-hidden="true" class="e-font-icon-svg e-fas-minus" viewBox="0 0 448 512" xmlns="http://www.w3.org/2000/svg"><path d="M416 208H32c-17.67 0-32 14.33-32 32v32c0 17.67 14.33 32 32 32h384c17.67 0 32-14.33 32-32v-32c0-17.67-14.33-32-32-32z"></path></svg></span>
			<span class='e-closed'><svg aria-hidden="true" class="e-font-icon-svg e-fas-plus" viewBox="0 0 448 512" xmlns="http://www.w3.org/2000/svg"><path d="M416 208H272V64c0-17.67-14.33-32-32-32h-32c-17.67 0-32 14.33-32 32v144H32c-17.67 0-32 14.33-32 32v32c0 17.67 14.33 32 32 32h144v144c0 17.67 14.33 32 32 32h32c17.67 0 32-14.33 32-32V304h144c17.67 0 32-14.33 32-32v-32c0-17.67-14.33-32-32-32z"></path></svg></span>
		</span>

						</summary>
				<div role="region" aria-labelledby="e-n-accordion-item-1102" class="elementor-element elementor-element-ad06b36 e-con-full e-flex e-con e-child" data-id="ad06b36" data-element_type="container">
		<div role="region" aria-labelledby="e-n-accordion-item-1102" class="elementor-element elementor-element-c0c0e20 e-flex e-con-boxed e-con e-child" data-id="c0c0e20" data-element_type="container">
					<div class="e-con-inner">
				<div class="elementor-element elementor-element-ead5d25 elementor-widget elementor-widget-text-editor" data-id="ead5d25" data-element_type="widget" data-widget_type="text-editor.default">
				<div class="elementor-widget-container">
									<p>During his tenure, Singh introduced several transformative policies, including the National Rural Employment Guarantee Act (NREGA) and the Right to Information Act (RTI), which enhanced transparency and social welfare.</p>								</div>
				</div>
					</div>
				</div>
				</div>
					</details>
						<details id="e-n-accordion-item-1103" class="e-n-accordion-item" >
				<summary class="e-n-accordion-item-title" data-accordion-index="4" tabindex="-1" aria-expanded="false" aria-controls="e-n-accordion-item-1103" >
					<span class='e-n-accordion-item-title-header'><div class="e-n-accordion-item-title-text"> How is Manmohan Singh remembered internationally? </div></span>
							<span class='e-n-accordion-item-title-icon'>
			<span class='e-opened' ><svg aria-hidden="true" class="e-font-icon-svg e-fas-minus" viewBox="0 0 448 512" xmlns="http://www.w3.org/2000/svg"><path d="M416 208H32c-17.67 0-32 14.33-32 32v32c0 17.67 14.33 32 32 32h384c17.67 0 32-14.33 32-32v-32c0-17.67-14.33-32-32-32z"></path></svg></span>
			<span class='e-closed'><svg aria-hidden="true" class="e-font-icon-svg e-fas-plus" viewBox="0 0 448 512" xmlns="http://www.w3.org/2000/svg"><path d="M416 208H272V64c0-17.67-14.33-32-32-32h-32c-17.67 0-32 14.33-32 32v144H32c-17.67 0-32 14.33-32 32v32c0 17.67 14.33 32 32 32h144v144c0 17.67 14.33 32 32 32h32c17.67 0 32-14.33 32-32V304h144c17.67 0 32-14.33 32-32v-32c0-17.67-14.33-32-32-32z"></path></svg></span>
		</span>

						</summary>
				<div role="region" aria-labelledby="e-n-accordion-item-1103" class="elementor-element elementor-element-65f431f e-flex e-con-boxed e-con e-child" data-id="65f431f" data-element_type="container">
					<div class="e-con-inner">
					</div>
				</div>
					</details>
					</div>
						</div>
				</div>
					</div>
				</div>
		<div class="elementor-element elementor-element-962b130 e-flex e-con-boxed e-con e-parent" data-id="962b130" data-element_type="container">
					<div class="e-con-inner">
				<div class="elementor-element elementor-element-af04daf elementor-widget elementor-widget-text-editor" data-id="af04daf" data-element_type="widget" data-widget_type="text-editor.default">
				<div class="elementor-widget-container">
									<p>Manmohan Singh is remembered as a respected economist and statesman who strengthened India&#8217;s global standing through strategic partnerships and economic reforms. His leadership in the India-U.S. nuclear deal is particularly celebrated.</p>								</div>
				</div>
					</div>
				</div>
				</div>
		]]></content:encoded>
					
					<wfw:commentRss>/indian-primeminister-manmohan-singh-dies-at-92/feed/</wfw:commentRss>
			<slash:comments>0</slash:comments>
		
		
			</item>
	</channel>
</rss>
